"TMP - VI name";"TMP - string type";"Key";"English";"Russian"
"TMP";"TMP";"Font";"Dlg Font";"Dlg Font"
"SQL_CLIENT_MAIN.vi";"Front Panel";"PLC_PROXY_connection_indicator.False";"OFF";"OFF"
"SQL_CLIENT_MAIN.vi";"Front Panel";"PLC_PROXY_connection_indicator.True";"ON";"ON"
"SQL_CLIENT_MAIN.vi";"Front Panel";"PLC_PROXY_connection_indicator";"PLC Proxy Connection Status:";"PLC Proxy Connection Status:"
"SQL_CLIENT_MAIN.vi";"Front Panel";"USER_login_logout.BoolText";"LOG IN / LOG OUT";"LOG IN / LOG OUT"
"SQL_CLIENT_MAIN.vi";"Front Panel";"USER_login_logout";"USER_login_logout";"USER_login_logout"
"SQL_CLIENT_MAIN.vi";"Front Panel";"SQL_connection_indicator.False";"OFF";"OFF"
"SQL_CLIENT_MAIN.vi";"Front Panel";"SQL_connection_indicator.True";"ON";"ON"
"SQL_CLIENT_MAIN.vi";"Front Panel";"SQL_connection_indicator";"SQL Connection Status:";"SQL Connection Status:"
"SQL_CLIENT_MAIN.vi";"Front Panel";"STOP.BoolText";"STOP";"STOP"
"SQL_CLIENT_MAIN.vi";"Front Panel";"STOP";"STOP";"STOP"
"SQL_CLIENT_MAIN.vi";"Front Panel";"error_indicator_global.False";"OFF";"OFF"
"SQL_CLIENT_MAIN.vi";"Front Panel";"error_indicator_global.True";"ON";"ON"
"SQL_CLIENT_MAIN.vi";"Front Panel";"error_indicator_global";"Application Status:";"Application Status:"
"SQL_CLIENT_MAIN.vi";"Front Panel";"current_access_level";"Access level:";"Access level:"
"SQL_CLIENT_MAIN.vi";"Front Panel";"current_username";"Logged in as:";"Logged in as:"
"SQL_CLIENT_MAIN.vi";"Front Panel";"main_tab";"main_tab";"main_tab"
"SQL_CLIENT_MAIN.vi";"Front Panel";"REPORT_save_csv.BoolText";"SAVE CSV";"SAVE CSV"
"SQL_CLIENT_MAIN.vi";"Front Panel";"REPORT_save_csv";"REPORT_save_csv";"REPORT_save_csv"
"SQL_CLIENT_MAIN.vi";"Front Panel";"REPORT_clear.BoolText";"CLEAR REPORT";"CLEAR REPORT"
"SQL_CLIENT_MAIN.vi";"Front Panel";"REPORT_clear";"REPORT_clear";"REPORT_clear"
"SQL_CLIENT_MAIN.vi";"Front Panel";"REPORT_page_counter";"REPORT_page_counter";"REPORT_page_counter"
"SQL_CLIENT_MAIN.vi";"Front Panel";"REPORT_page_last.BoolText";"LAST PAGE >>";"LAST PAGE >>"
"SQL_CLIENT_MAIN.vi";"Front Panel";"REPORT_page_last";"REPORT_page_last";"REPORT_page_last"
"SQL_CLIENT_MAIN.vi";"Front Panel";"REPORT_page_next.BoolText";"NEXT PAGE >";"NEXT PAGE >"
"SQL_CLIENT_MAIN.vi";"Front Panel";"REPORT_page_next";"REPORT_page_next";"REPORT_page_next"
"SQL_CLIENT_MAIN.vi";"Front Panel";"REPORT_page_previous.BoolText";"< PREVIOUS PAGE";"< PREVIOUS PAGE"
"SQL_CLIENT_MAIN.vi";"Front Panel";"REPORT_page_previous";"REPORT_page_previous";"REPORT_page_previous"
"SQL_CLIENT_MAIN.vi";"Front Panel";"REPORT_page_first.BoolText";"<< FIRST PAGE";"<< FIRST PAGE"
"SQL_CLIENT_MAIN.vi";"Front Panel";"REPORT_page_first";"REPORT_page_first";"REPORT_page_first"
"SQL_CLIENT_MAIN.vi";"Front Panel";"REPORT_save_pdf.BoolText";"SAVE PDF";"SAVE PDF"
"SQL_CLIENT_MAIN.vi";"Front Panel";"REPORT_save_pdf";"REPORT_save_pdf";"REPORT_save_pdf"
"SQL_CLIENT_MAIN.vi";"Front Panel";"REPORT_get.BoolText";"GET REPORT";"GET REPORT"
"SQL_CLIENT_MAIN.vi";"Front Panel";"REPORT_get";"REPORT_get";"REPORT_get"
"SQL_CLIENT_MAIN.vi";"Front Panel";"REPORT_filters";"REPORT_filters";"REPORT_filters"
"SQL_CLIENT_MAIN.vi";"Front Panel";"REPORT_GEAR_serial_display";"REPORT_GEAR_serial_display";"REPORT_GEAR_serial_display"
"SQL_CLIENT_MAIN.vi";"Front Panel";"REPORT_GEAR_toggle_all_results.BoolText";"HIDE ALL RESULTS";"HIDE ALL RESULTS"
"SQL_CLIENT_MAIN.vi";"Front Panel";"REPORT_GEAR_toggle_all_results";"REPORT_GEAR_toggle_all_results";"REPORT_GEAR_toggle_all_results"
"SQL_CLIENT_MAIN.vi";"Front Panel";"REPORT_GEAR_station.Item0";" -";" -"
"SQL_CLIENT_MAIN.vi";"Front Panel";"REPORT_GEAR_station";"OP Filter: ";"OP Filter: "
"SQL_CLIENT_MAIN.vi";"Front Panel";"REPORT_GEAR_scan_barcode.BoolText";"SCAN BARCODE";"SCAN BARCODE"
"SQL_CLIENT_MAIN.vi";"Front Panel";"REPORT_GEAR_scan_barcode";"REPORT_GEAR_scan_barcode";"REPORT_GEAR_scan_barcode"
"SQL_CLIENT_MAIN.vi";"Front Panel";"REPORT_GEAR_serial";"Gear Serial:";"Gear Serial:"
"SQL_CLIENT_MAIN.vi";"Front Panel";"REPORT_GEAR_header_data_display";"REPORT_GEAR_header_data_display";"REPORT_GEAR_header_data_display"
"SQL_CLIENT_MAIN.vi";"Front Panel";"batch_code";"Batch No:";"Batch No:"
"SQL_CLIENT_MAIN.vi";"Front Panel";"last_station";"Last Station:";"Last Station:"
"SQL_CLIENT_MAIN.vi";"Front Panel";"pinion_serial";"Pinion No:";"Pinion No:"
"SQL_CLIENT_MAIN.vi";"Front Panel";"creation_time";"Time:";"Time:"
"SQL_CLIENT_MAIN.vi";"Front Panel";"last_status";"Last Status:";"Last Status:"
"SQL_CLIENT_MAIN.vi";"Front Panel";"ID";"ID:";"ID:"
"SQL_CLIENT_MAIN.vi";"Front Panel";"REPORT_DATES_last_status.Item0";" -";" -"
"SQL_CLIENT_MAIN.vi";"Front Panel";"REPORT_DATES_last_status";"Last Status: ";"Last Status: "
"SQL_CLIENT_MAIN.vi";"Front Panel";"REPORT_DATES_last_op.Item0";" -";" -"
"SQL_CLIENT_MAIN.vi";"Front Panel";"REPORT_DATES_last_op";"Last OP: ";"Last OP: "
"SQL_CLIENT_MAIN.vi";"Front Panel";"REPORT_DATES_time_end";"End:";"End:"
"SQL_CLIENT_MAIN.vi";"Front Panel";"REPORT_DATES_time_start";"Start:";"Start:"
"SQL_CLIENT_MAIN.vi";"Front Panel";"REPORT_DATES_start";"From:";"From:"
"SQL_CLIENT_MAIN.vi";"Front Panel";"REPORT_DATES_start_btn.BoolText";"<-";"<-"
"SQL_CLIENT_MAIN.vi";"Front Panel";"REPORT_DATES_start_btn";"REPORT_DATES_start_btn";"REPORT_DATES_start_btn"
"SQL_CLIENT_MAIN.vi";"Front Panel";"REPORT_DATES_end";"To:";"To:"
"SQL_CLIENT_MAIN.vi";"Front Panel";"REPORT_DATES_end_btn.BoolText";"<-";"<-"
"SQL_CLIENT_MAIN.vi";"Front Panel";"REPORT_DATES_end_btn";"REPORT_DATES_end_btn";"REPORT_DATES_end_btn"
"SQL_CLIENT_MAIN.vi";"Front Panel";"REPORT_DATES_order_selection";"REPORT_DATES_order_selection";"REPORT_DATES_order_selection"
"SQL_CLIENT_MAIN.vi";"Front Panel";"old_to_new.BoolText";"OLD TO NEW";"OLD TO NEW"
"SQL_CLIENT_MAIN.vi";"Front Panel";"old_to_new";"old_to_new";"old_to_new"
"SQL_CLIENT_MAIN.vi";"Front Panel";"new_to_old.BoolText";"NEW TO OLD";"NEW TO OLD"
"SQL_CLIENT_MAIN.vi";"Front Panel";"new_to_old";"new_to_old";"new_to_old"
"SQL_CLIENT_MAIN.vi";"Front Panel";"REPORT_PBATCH_last_status.Item0";" -";" -"
"SQL_CLIENT_MAIN.vi";"Front Panel";"REPORT_PBATCH_last_status";"Last Status: ";"Last Status: "
"SQL_CLIENT_MAIN.vi";"Front Panel";"REPORT_PBATCH_last_op.Item0";" -";" -"
"SQL_CLIENT_MAIN.vi";"Front Panel";"REPORT_PBATCH_last_op";"Last OP: ";"Last OP: "
"SQL_CLIENT_MAIN.vi";"Front Panel";"REPORT_PBATCH_order_selection";"REPORT_PBATCH_order_selection";"REPORT_PBATCH_order_selection"
"SQL_CLIENT_MAIN.vi";"Front Panel";"REPORT_PBATCH_batch_no";"Batch No:";"Batch No:"
"SQL_CLIENT_MAIN.vi";"Front Panel";"REPORT_OPRTN_order_selection";"REPORT_OPRTN_order_selection";"REPORT_OPRTN_order_selection"
"SQL_CLIENT_MAIN.vi";"Front Panel";"REPORT_OPRTN_end_btn.BoolText";"<-";"<-"
"SQL_CLIENT_MAIN.vi";"Front Panel";"REPORT_OPRTN_end_btn";"REPORT_OPRTN_end_btn";"REPORT_OPRTN_end_btn"
"SQL_CLIENT_MAIN.vi";"Front Panel";"REPORT_OPRTN_end";"To:";"To:"
"SQL_CLIENT_MAIN.vi";"Front Panel";"REPORT_OPRTN_start_btn.BoolText";"<-";"<-"
"SQL_CLIENT_MAIN.vi";"Front Panel";"REPORT_OPRTN_start_btn";"REPORT_OPRTN_start_btn";"REPORT_OPRTN_start_btn"
"SQL_CLIENT_MAIN.vi";"Front Panel";"REPORT_OPRTN_start";"From:";"From:"
"SQL_CLIENT_MAIN.vi";"Front Panel";"REPORT_OPRTN_time_start";"Start:";"Start:"
"SQL_CLIENT_MAIN.vi";"Front Panel";"REPORT_OPRTN_time_end";"End:";"End:"
"SQL_CLIENT_MAIN.vi";"Front Panel";"REPORT_OPRTN_last_status.Item0";" -";" -"
"SQL_CLIENT_MAIN.vi";"Front Panel";"REPORT_OPRTN_last_status";"Last Status: ";"Last Status: "
"SQL_CLIENT_MAIN.vi";"Front Panel";"REPORT_OPRTN_operation.Item0";"10";"10"
"SQL_CLIENT_MAIN.vi";"Front Panel";"REPORT_OPRTN_operation.Item1";"20";"20"
"SQL_CLIENT_MAIN.vi";"Front Panel";"REPORT_OPRTN_operation.Item2";"30";"30"
"SQL_CLIENT_MAIN.vi";"Front Panel";"REPORT_OPRTN_operation.Item3";"40";"40"
"SQL_CLIENT_MAIN.vi";"Front Panel";"REPORT_OPRTN_operation.Item4";"50";"50"
"SQL_CLIENT_MAIN.vi";"Front Panel";"REPORT_OPRTN_operation.Item5";"60";"60"
"SQL_CLIENT_MAIN.vi";"Front Panel";"REPORT_OPRTN_operation.Item6";"70";"70"
"SQL_CLIENT_MAIN.vi";"Front Panel";"REPORT_OPRTN_operation.Item7";"80";"80"
"SQL_CLIENT_MAIN.vi";"Front Panel";"REPORT_OPRTN_operation.Item8";"90";"90"
"SQL_CLIENT_MAIN.vi";"Front Panel";"REPORT_OPRTN_operation.Item9";"100";"100"
"SQL_CLIENT_MAIN.vi";"Front Panel";"REPORT_OPRTN_operation.Item10";"110";"110"
"SQL_CLIENT_MAIN.vi";"Front Panel";"REPORT_OPRTN_operation.Item11";"120";"120"
"SQL_CLIENT_MAIN.vi";"Front Panel";"REPORT_OPRTN_operation.Item12";"130";"130"
"SQL_CLIENT_MAIN.vi";"Front Panel";"REPORT_OPRTN_operation.Item13";"140";"140"
"SQL_CLIENT_MAIN.vi";"Front Panel";"REPORT_OPRTN_operation.Item14";"150";"150"
"SQL_CLIENT_MAIN.vi";"Front Panel";"REPORT_OPRTN_operation.Item15";"160";"160"
"SQL_CLIENT_MAIN.vi";"Front Panel";"REPORT_OPRTN_operation.Item16";"165";"165"
"SQL_CLIENT_MAIN.vi";"Front Panel";"REPORT_OPRTN_operation";"OP: ";"OP: "
"SQL_CLIENT_MAIN.vi";"Front Panel";"REPORT_OPRTN_filter_columns.BoolText";"FILTER REALS";"FILTER REALS"
"SQL_CLIENT_MAIN.vi";"Front Panel";"REPORT_OPRTN_filter_columns";"REPORT_OPRTN_filter_columns";"REPORT_OPRTN_filter_columns"
"SQL_CLIENT_MAIN.vi";"Front Panel";"REPORT_OPRTN_unfilter_columns.BoolText";"CLEAR";"CLEAR"
"SQL_CLIENT_MAIN.vi";"Front Panel";"REPORT_OPRTN_unfilter_columns";"REPORT_OPRTN_unfilter_columns";"REPORT_OPRTN_unfilter_columns"
"SQL_CLIENT_MAIN.vi";"Front Panel";"REPORT_CFG_type";"Config: ";"Config: "
"SQL_CLIENT_MAIN.vi";"Front Panel";"REPORT_CFG_time_end";"End:";"End:"
"SQL_CLIENT_MAIN.vi";"Front Panel";"REPORT_CFG_time_start";"Start:";"Start:"
"SQL_CLIENT_MAIN.vi";"Front Panel";"REPORT_CFG_start";"From:";"From:"
"SQL_CLIENT_MAIN.vi";"Front Panel";"REPORT_CFG_start_btn.BoolText";"<-";"<-"
"SQL_CLIENT_MAIN.vi";"Front Panel";"REPORT_CFG_start_btn";"REPORT_CFG_start_btn";"REPORT_CFG_start_btn"
"SQL_CLIENT_MAIN.vi";"Front Panel";"REPORT_CFG_end";"To:";"To:"
"SQL_CLIENT_MAIN.vi";"Front Panel";"REPORT_CFG_end_btn.BoolText";"<-";"<-"
"SQL_CLIENT_MAIN.vi";"Front Panel";"REPORT_CFG_end_btn";"REPORT_CFG_end_btn";"REPORT_CFG_end_btn"
"SQL_CLIENT_MAIN.vi";"Front Panel";"REPORT_CFG_order_selection";"REPORT_CFG_order_selection";"REPORT_CFG_order_selection"
"SQL_CLIENT_MAIN.vi";"Front Panel";"REPORT_CFG_op_filter.Item0";" -";" -"
"SQL_CLIENT_MAIN.vi";"Front Panel";"REPORT_CFG_op_filter";"OP: ";"OP: "
"SQL_CLIENT_MAIN.vi";"Front Panel";"REPORT_AUDIT_order_selection";"REPORT_AUDIT_order_selection";"REPORT_AUDIT_order_selection"
"SQL_CLIENT_MAIN.vi";"Front Panel";"REPORT_AUDIT_end_btn.BoolText";"<-";"<-"
"SQL_CLIENT_MAIN.vi";"Front Panel";"REPORT_AUDIT_end_btn";"REPORT_AUDIT_end_btn";"REPORT_AUDIT_end_btn"
"SQL_CLIENT_MAIN.vi";"Front Panel";"REPORT_AUDIT_end";"To:";"To:"
"SQL_CLIENT_MAIN.vi";"Front Panel";"REPORT_AUDIT_start_btn.BoolText";"<-";"<-"
"SQL_CLIENT_MAIN.vi";"Front Panel";"REPORT_AUDIT_start_btn";"REPORT_AUDIT_start_btn";"REPORT_AUDIT_start_btn"
"SQL_CLIENT_MAIN.vi";"Front Panel";"REPORT_AUDIT_start";"From:";"From:"
"SQL_CLIENT_MAIN.vi";"Front Panel";"REPORT_AUDIT_time_start";"Start:";"Start:"
"SQL_CLIENT_MAIN.vi";"Front Panel";"REPORT_AUDIT_time_end";"End:";"End:"
"SQL_CLIENT_MAIN.vi";"Front Panel";"REPORT_AUDIT_OP_filter.Item0";" -";" -"
"SQL_CLIENT_MAIN.vi";"Front Panel";"REPORT_AUDIT_OP_filter";"Audit OP: ";"Audit OP: "
"SQL_CLIENT_MAIN.vi";"Front Panel";"REPORT_AUDIT_status_filter.Item0";" -";" -"
"SQL_CLIENT_MAIN.vi";"Front Panel";"REPORT_AUDIT_status_filter";"Audit Status: ";"Audit Status: "
"SQL_CLIENT_MAIN.vi";"Front Panel";"REPORT_OKNOK_time_end";"End:";"End:"
"SQL_CLIENT_MAIN.vi";"Front Panel";"REPORT_OKNOK_time_start";"Start:";"Start:"
"SQL_CLIENT_MAIN.vi";"Front Panel";"REPORT_OKNOK_start";"From:";"From:"
"SQL_CLIENT_MAIN.vi";"Front Panel";"REPORT_OKNOK_start_btn.BoolText";"<-";"<-"
"SQL_CLIENT_MAIN.vi";"Front Panel";"REPORT_OKNOK_start_btn";"REPORT_OKNOK_start_btn";"REPORT_OKNOK_start_btn"
"SQL_CLIENT_MAIN.vi";"Front Panel";"REPORT_OKNOK_end";"To:";"To:"
"SQL_CLIENT_MAIN.vi";"Front Panel";"REPORT_OKNOK_end_btn.BoolText";"<-";"<-"
"SQL_CLIENT_MAIN.vi";"Front Panel";"REPORT_OKNOK_end_btn";"REPORT_OKNOK_end_btn";"REPORT_OKNOK_end_btn"
"SQL_CLIENT_MAIN.vi";"Front Panel";"REPORT_REWORKS_end_btn.BoolText";"<-";"<-"
"SQL_CLIENT_MAIN.vi";"Front Panel";"REPORT_REWORKS_end_btn";"REPORT_REWORKS_end_btn";"REPORT_REWORKS_end_btn"
"SQL_CLIENT_MAIN.vi";"Front Panel";"REPORT_REWORKS_end";"To:";"To:"
"SQL_CLIENT_MAIN.vi";"Front Panel";"REPORT_REWORKS_start_btn.BoolText";"<-";"<-"
"SQL_CLIENT_MAIN.vi";"Front Panel";"REPORT_REWORKS_start_btn";"REPORT_REWORKS_start_btn";"REPORT_REWORKS_start_btn"
"SQL_CLIENT_MAIN.vi";"Front Panel";"REPORT_REWORKS_start";"From:";"From:"
"SQL_CLIENT_MAIN.vi";"Front Panel";"REPORT_REWORKS_time_start";"Start:";"Start:"
"SQL_CLIENT_MAIN.vi";"Front Panel";"REPORT_REWORKS_time_end";"End:";"End:"
"SQL_CLIENT_MAIN.vi";"Front Panel";"REPORT_REWORKS_to_OP.Item0";"0";"0"
"SQL_CLIENT_MAIN.vi";"Front Panel";"REPORT_REWORKS_to_OP.Item1";"10";"10"
"SQL_CLIENT_MAIN.vi";"Front Panel";"REPORT_REWORKS_to_OP.Item2";"20";"20"
"SQL_CLIENT_MAIN.vi";"Front Panel";"REPORT_REWORKS_to_OP.Item3";"30";"30"
"SQL_CLIENT_MAIN.vi";"Front Panel";"REPORT_REWORKS_to_OP.Item4";"40";"40"
"SQL_CLIENT_MAIN.vi";"Front Panel";"REPORT_REWORKS_to_OP.Item5";"50";"50"
"SQL_CLIENT_MAIN.vi";"Front Panel";"REPORT_REWORKS_to_OP.Item6";"60";"60"
"SQL_CLIENT_MAIN.vi";"Front Panel";"REPORT_REWORKS_to_OP.Item7";"70";"70"
"SQL_CLIENT_MAIN.vi";"Front Panel";"REPORT_REWORKS_to_OP.Item8";"80";"80"
"SQL_CLIENT_MAIN.vi";"Front Panel";"REPORT_REWORKS_to_OP.Item9";"90";"90"
"SQL_CLIENT_MAIN.vi";"Front Panel";"REPORT_REWORKS_to_OP.Item10";"100";"100"
"SQL_CLIENT_MAIN.vi";"Front Panel";"REPORT_REWORKS_to_OP.Item11";"110";"110"
"SQL_CLIENT_MAIN.vi";"Front Panel";"REPORT_REWORKS_to_OP.Item12";"120";"120"
"SQL_CLIENT_MAIN.vi";"Front Panel";"REPORT_REWORKS_to_OP.Item13";"130";"130"
"SQL_CLIENT_MAIN.vi";"Front Panel";"REPORT_REWORKS_to_OP.Item14";"140";"140"
"SQL_CLIENT_MAIN.vi";"Front Panel";"REPORT_REWORKS_to_OP.Item15";"150";"150"
"SQL_CLIENT_MAIN.vi";"Front Panel";"REPORT_REWORKS_to_OP.Item16";"160";"160"
"SQL_CLIENT_MAIN.vi";"Front Panel";"REPORT_REWORKS_to_OP.Item17";"165";"165"
"SQL_CLIENT_MAIN.vi";"Front Panel";"REPORT_REWORKS_to_OP";"To OP:";"To OP:"
"SQL_CLIENT_MAIN.vi";"Front Panel";"REPORT_REWORKS_from_OP.Item0";"0";"0"
"SQL_CLIENT_MAIN.vi";"Front Panel";"REPORT_REWORKS_from_OP.Item1";"10";"10"
"SQL_CLIENT_MAIN.vi";"Front Panel";"REPORT_REWORKS_from_OP.Item2";"20";"20"
"SQL_CLIENT_MAIN.vi";"Front Panel";"REPORT_REWORKS_from_OP.Item3";"30";"30"
"SQL_CLIENT_MAIN.vi";"Front Panel";"REPORT_REWORKS_from_OP.Item4";"40";"40"
"SQL_CLIENT_MAIN.vi";"Front Panel";"REPORT_REWORKS_from_OP.Item5";"50";"50"
"SQL_CLIENT_MAIN.vi";"Front Panel";"REPORT_REWORKS_from_OP.Item6";"60";"60"
"SQL_CLIENT_MAIN.vi";"Front Panel";"REPORT_REWORKS_from_OP.Item7";"70";"70"
"SQL_CLIENT_MAIN.vi";"Front Panel";"REPORT_REWORKS_from_OP.Item8";"80";"80"
"SQL_CLIENT_MAIN.vi";"Front Panel";"REPORT_REWORKS_from_OP.Item9";"90";"90"
"SQL_CLIENT_MAIN.vi";"Front Panel";"REPORT_REWORKS_from_OP.Item10";"100";"100"
"SQL_CLIENT_MAIN.vi";"Front Panel";"REPORT_REWORKS_from_OP.Item11";"110";"110"
"SQL_CLIENT_MAIN.vi";"Front Panel";"REPORT_REWORKS_from_OP.Item12";"120";"120"
"SQL_CLIENT_MAIN.vi";"Front Panel";"REPORT_REWORKS_from_OP.Item13";"130";"130"
"SQL_CLIENT_MAIN.vi";"Front Panel";"REPORT_REWORKS_from_OP.Item14";"140";"140"
"SQL_CLIENT_MAIN.vi";"Front Panel";"REPORT_REWORKS_from_OP.Item15";"150";"150"
"SQL_CLIENT_MAIN.vi";"Front Panel";"REPORT_REWORKS_from_OP.Item16";"160";"160"
"SQL_CLIENT_MAIN.vi";"Front Panel";"REPORT_REWORKS_from_OP.Item17";"165";"165"
"SQL_CLIENT_MAIN.vi";"Front Panel";"REPORT_REWORKS_from_OP";"From OP: ";"From OP: "
"SQL_CLIENT_MAIN.vi";"Front Panel";"REPORT_REWORKS_order_selection";"REPORT_REWORKS_order_selection";"REPORT_REWORKS_order_selection"
"SQL_CLIENT_MAIN.vi";"Front Panel";"REPORT_PACE_end_btn.BoolText";"<-";"<-"
"SQL_CLIENT_MAIN.vi";"Front Panel";"REPORT_PACE_end_btn";"REPORT_PACE_end_btn";"REPORT_PACE_end_btn"
"SQL_CLIENT_MAIN.vi";"Front Panel";"REPORT_PACE_end";"To:";"To:"
"SQL_CLIENT_MAIN.vi";"Front Panel";"REPORT_PACE_start_btn.BoolText";"<-";"<-"
"SQL_CLIENT_MAIN.vi";"Front Panel";"REPORT_PACE_start_btn";"REPORT_PACE_start_btn";"REPORT_PACE_start_btn"
"SQL_CLIENT_MAIN.vi";"Front Panel";"REPORT_PACE_start";"From:";"From:"
"SQL_CLIENT_MAIN.vi";"Front Panel";"REPORT_PACE_time_start";"Start:";"Start:"
"SQL_CLIENT_MAIN.vi";"Front Panel";"REPORT_PACE_time_end";"End:";"End:"
"SQL_CLIENT_MAIN.vi";"Front Panel";"REPORT_PACE_low_limit";"Low:";"Low:"
"SQL_CLIENT_MAIN.vi";"Front Panel";"REPORT_PACE_high_limit";"High:";"High:"
"SQL_CLIENT_MAIN.vi";"Front Panel";"REPORT_CBATCH_batch_code";"Batch:";"Batch:"
"SQL_CLIENT_MAIN.vi";"Front Panel";"REPORT_CBATCH_scan_barcode.BoolText";"SCAN BARCODE";"SCAN BARCODE"
"SQL_CLIENT_MAIN.vi";"Front Panel";"REPORT_CBATCH_scan_barcode";"REPORT_CBATCH_scan_barcode";"REPORT_CBATCH_scan_barcode"
"SQL_CLIENT_MAIN.vi";"Front Panel";"REPORT_CBATCH_order_selection";"REPORT_CBATCH_order_selection";"REPORT_CBATCH_order_selection"
"SQL_CLIENT_MAIN.vi";"Front Panel";"REPORT_CMPNT_scan_barcode.BoolText";"SCAN BARCODE";"SCAN BARCODE"
"SQL_CLIENT_MAIN.vi";"Front Panel";"REPORT_CMPNT_scan_barcode";"REPORT_CMPNT_scan_barcode";"REPORT_CMPNT_scan_barcode"
"SQL_CLIENT_MAIN.vi";"Front Panel";"REPORT_CMPNT_gear_serial";"Gear Serial:";"Gear Serial:"
"SQL_CLIENT_MAIN.vi";"Front Panel";"REPORT_records";"REPORT_records";"REPORT_records"
"SQL_CLIENT_MAIN.vi";"Front Panel";"REPORT_status";"REPORT_status";"REPORT_status"
"SQL_CLIENT_MAIN.vi";"Front Panel";"REF_EDIT_type_filter";"Type:";"Type:"
"SQL_CLIENT_MAIN.vi";"Front Panel";"STRING.BoolText";"STRING";"STRING"
"SQL_CLIENT_MAIN.vi";"Front Panel";"STRING";"STRING";"STRING"
"SQL_CLIENT_MAIN.vi";"Front Panel";"REAL.BoolText";"REAL";"REAL"
"SQL_CLIENT_MAIN.vi";"Front Panel";"REAL";"REAL";"REAL"
"SQL_CLIENT_MAIN.vi";"Front Panel";"ALL.BoolText";"ALL";"ALL"
"SQL_CLIENT_MAIN.vi";"Front Panel";"ALL";"ALL";"ALL"
"SQL_CLIENT_MAIN.vi";"Front Panel";"INT.BoolText";"INT";"INT"
"SQL_CLIENT_MAIN.vi";"Front Panel";"INT";"INT";"INT"
"SQL_CLIENT_MAIN.vi";"Front Panel";"REF_EDIT_records";"REF_EDIT_records";"REF_EDIT_records"
"SQL_CLIENT_MAIN.vi";"Front Panel";"REF_EDIT_station.Item0";"10";"10"
"SQL_CLIENT_MAIN.vi";"Front Panel";"REF_EDIT_station.Item1";"11";"11"
"SQL_CLIENT_MAIN.vi";"Front Panel";"REF_EDIT_station.Item2";"20";"20"
"SQL_CLIENT_MAIN.vi";"Front Panel";"REF_EDIT_station.Item3";"30";"30"
"SQL_CLIENT_MAIN.vi";"Front Panel";"REF_EDIT_station.Item4";"40";"40"
"SQL_CLIENT_MAIN.vi";"Front Panel";"REF_EDIT_station.Item5";"50";"50"
"SQL_CLIENT_MAIN.vi";"Front Panel";"REF_EDIT_station.Item6";"60";"60"
"SQL_CLIENT_MAIN.vi";"Front Panel";"REF_EDIT_station.Item7";"70";"70"
"SQL_CLIENT_MAIN.vi";"Front Panel";"REF_EDIT_station.Item8";"80";"80"
"SQL_CLIENT_MAIN.vi";"Front Panel";"REF_EDIT_station.Item9";"90";"90"
"SQL_CLIENT_MAIN.vi";"Front Panel";"REF_EDIT_station.Item10";"100";"100"
"SQL_CLIENT_MAIN.vi";"Front Panel";"REF_EDIT_station.Item11";"110";"110"
"SQL_CLIENT_MAIN.vi";"Front Panel";"REF_EDIT_station.Item12";"120";"120"
"SQL_CLIENT_MAIN.vi";"Front Panel";"REF_EDIT_station.Item13";"130";"130"
"SQL_CLIENT_MAIN.vi";"Front Panel";"REF_EDIT_station.Item14";"160";"160"
"SQL_CLIENT_MAIN.vi";"Front Panel";"REF_EDIT_station.Item15";"165";"165"
"SQL_CLIENT_MAIN.vi";"Front Panel";"REF_EDIT_station";"Station: ";"Station: "
"SQL_CLIENT_MAIN.vi";"Front Panel";"REF_EDIT_status";"REF_EDIT_status";"REF_EDIT_status"
"SQL_CLIENT_MAIN.vi";"Front Panel";"REF_EDIT_refresh.BoolText";"REFRESH";"REFRESH"
"SQL_CLIENT_MAIN.vi";"Front Panel";"REF_EDIT_refresh";"REF_EDIT_refresh";"REF_EDIT_refresh"
"SQL_CLIENT_MAIN.vi";"Front Panel";"REF_EDIT_delete.BoolText";"DELETE";"DELETE"
"SQL_CLIENT_MAIN.vi";"Front Panel";"REF_EDIT_delete";"REF_EDIT_delete";"REF_EDIT_delete"
"SQL_CLIENT_MAIN.vi";"Front Panel";"REF_EDIT_insert_update.BoolText";"INSERT / UPDATE";"INSERT / UPDATE"
"SQL_CLIENT_MAIN.vi";"Front Panel";"REF_EDIT_insert_update";"REF_EDIT_insert_update";"REF_EDIT_insert_update"
"SQL_CLIENT_MAIN.vi";"Front Panel";"REF_EDIT_clear_status.BoolText";"CLEAR STATUS";"CLEAR STATUS"
"SQL_CLIENT_MAIN.vi";"Front Panel";"REF_EDIT_clear_status";"REF_EDIT_clear_status";"REF_EDIT_clear_status"
"SQL_CLIENT_MAIN.vi";"Front Panel";"REF_EDIT_discard.BoolText";"DISCARD CHANGES";"DISCARD CHANGES"
"SQL_CLIENT_MAIN.vi";"Front Panel";"REF_EDIT_discard";"REF_EDIT_discard";"REF_EDIT_discard"
"SQL_CLIENT_MAIN.vi";"Front Panel";"ARCH_EDIT_type_filter";"Type:";"Type:"
"SQL_CLIENT_MAIN.vi";"Front Panel";"ARCH_EDIT_records";"ARCH_EDIT_records";"ARCH_EDIT_records"
"SQL_CLIENT_MAIN.vi";"Front Panel";"ARCH_EDIT_station.Item0";"10";"10"
"SQL_CLIENT_MAIN.vi";"Front Panel";"ARCH_EDIT_station.Item1";"20";"20"
"SQL_CLIENT_MAIN.vi";"Front Panel";"ARCH_EDIT_station.Item2";"30";"30"
"SQL_CLIENT_MAIN.vi";"Front Panel";"ARCH_EDIT_station.Item3";"40";"40"
"SQL_CLIENT_MAIN.vi";"Front Panel";"ARCH_EDIT_station.Item4";"50";"50"
"SQL_CLIENT_MAIN.vi";"Front Panel";"ARCH_EDIT_station.Item5";"60";"60"
"SQL_CLIENT_MAIN.vi";"Front Panel";"ARCH_EDIT_station.Item6";"70";"70"
"SQL_CLIENT_MAIN.vi";"Front Panel";"ARCH_EDIT_station.Item7";"80";"80"
"SQL_CLIENT_MAIN.vi";"Front Panel";"ARCH_EDIT_station.Item8";"90";"90"
"SQL_CLIENT_MAIN.vi";"Front Panel";"ARCH_EDIT_station.Item9";"100";"100"
"SQL_CLIENT_MAIN.vi";"Front Panel";"ARCH_EDIT_station.Item10";"110";"110"
"SQL_CLIENT_MAIN.vi";"Front Panel";"ARCH_EDIT_station.Item11";"120";"120"
"SQL_CLIENT_MAIN.vi";"Front Panel";"ARCH_EDIT_station.Item12";"130";"130"
"SQL_CLIENT_MAIN.vi";"Front Panel";"ARCH_EDIT_station.Item13";"140";"140"
"SQL_CLIENT_MAIN.vi";"Front Panel";"ARCH_EDIT_station.Item14";"160";"160"
"SQL_CLIENT_MAIN.vi";"Front Panel";"ARCH_EDIT_station.Item15";"165";"165"
"SQL_CLIENT_MAIN.vi";"Front Panel";"ARCH_EDIT_station";"Station: ";"Station: "
"SQL_CLIENT_MAIN.vi";"Front Panel";"ARCH_EDIT_status";"ARCH_EDIT_status";"ARCH_EDIT_status"
"SQL_CLIENT_MAIN.vi";"Front Panel";"ARCH_EDIT_refresh.BoolText";"REFRESH";"REFRESH"
"SQL_CLIENT_MAIN.vi";"Front Panel";"ARCH_EDIT_refresh";"ARCH_EDIT_refresh";"ARCH_EDIT_refresh"
"SQL_CLIENT_MAIN.vi";"Front Panel";"ARCH_EDIT_delete.BoolText";"DELETE";"DELETE"
"SQL_CLIENT_MAIN.vi";"Front Panel";"ARCH_EDIT_delete";"ARCH_EDIT_delete";"ARCH_EDIT_delete"
"SQL_CLIENT_MAIN.vi";"Front Panel";"ARCH_EDIT_insert_update.BoolText";"INSERT / UPDATE";"INSERT / UPDATE"
"SQL_CLIENT_MAIN.vi";"Front Panel";"ARCH_EDIT_insert_update";"ARCH_EDIT_insert_update";"ARCH_EDIT_insert_update"
"SQL_CLIENT_MAIN.vi";"Front Panel";"ARCH_EDIT_clear_status.BoolText";"CLEAR STATUS";"CLEAR STATUS"
"SQL_CLIENT_MAIN.vi";"Front Panel";"ARCH_EDIT_clear_status";"ARCH_EDIT_clear_status";"ARCH_EDIT_clear_status"
"SQL_CLIENT_MAIN.vi";"Front Panel";"ARCH_EDIT_discard.BoolText";"DISCARD CHANGES";"DISCARD CHANGES"
"SQL_CLIENT_MAIN.vi";"Front Panel";"ARCH_EDIT_discard";"ARCH_EDIT_discard";"ARCH_EDIT_discard"
"SQL_CLIENT_MAIN.vi";"Front Panel";"USER_EDIT_refresh.BoolText";"REFRESH";"REFRESH"
"SQL_CLIENT_MAIN.vi";"Front Panel";"USER_EDIT_refresh";"USER_EDIT_refresh";"USER_EDIT_refresh"
"SQL_CLIENT_MAIN.vi";"Front Panel";"USER_EDIT_status";"USER_EDIT_status";"USER_EDIT_status"
"SQL_CLIENT_MAIN.vi";"Front Panel";"USER_EDIT_records";"USER_EDIT_records";"USER_EDIT_records"
"SQL_CLIENT_MAIN.vi";"Front Panel";"USER_EDIT_insert_update.BoolText";"INSERT / UPDATE";"INSERT / UPDATE"
"SQL_CLIENT_MAIN.vi";"Front Panel";"USER_EDIT_insert_update";"USER_EDIT_insert_update";"USER_EDIT_insert_update"
"SQL_CLIENT_MAIN.vi";"Front Panel";"USER_EDIT_delete.BoolText";"DELETE";"DELETE"
"SQL_CLIENT_MAIN.vi";"Front Panel";"USER_EDIT_delete";"USER_EDIT_delete";"USER_EDIT_delete"
"SQL_CLIENT_MAIN.vi";"Front Panel";"USER_EDIT_clear_status.BoolText";"CLEAR STATUS";"CLEAR STATUS"
"SQL_CLIENT_MAIN.vi";"Front Panel";"USER_EDIT_clear_status";"USER_EDIT_clear_status";"USER_EDIT_clear_status"
"SQL_CLIENT_MAIN.vi";"Front Panel";"USER_EDIT_discard.BoolText";"DISCARD CHANGES";"DISCARD CHANGES"
"SQL_CLIENT_MAIN.vi";"Front Panel";"USER_EDIT_discard";"USER_EDIT_discard";"USER_EDIT_discard"
"SQL_CLIENT_MAIN.vi";"Front Panel";"USER_EDIT_update_barcode.BoolText";"UPDATE USER BARCODE";"UPDATE USER BARCODE"
"SQL_CLIENT_MAIN.vi";"Front Panel";"USER_EDIT_update_barcode";"USER_EDIT_update_barcode";"USER_EDIT_update_barcode"
"SQL_CLIENT_MAIN.vi";"Front Panel";"SQL_EDIT_asc_desc";"SQL_EDIT_asc_desc";"SQL_EDIT_asc_desc"
"SQL_CLIENT_MAIN.vi";"Front Panel";"ASC.BoolText";"ASC";"ASC"
"SQL_CLIENT_MAIN.vi";"Front Panel";"ASC";"ASC";"ASC"
"SQL_CLIENT_MAIN.vi";"Front Panel";"DESC.BoolText";"DESC";"DESC"
"SQL_CLIENT_MAIN.vi";"Front Panel";"DESC";"DESC";"DESC"
"SQL_CLIENT_MAIN.vi";"Front Panel";"SQL_EDIT_order_by.Item0";"ID";"ID"
"SQL_CLIENT_MAIN.vi";"Front Panel";"SQL_EDIT_order_by.Item1";"CREATION_TIME";"CREATION_TIME"
"SQL_CLIENT_MAIN.vi";"Front Panel";"SQL_EDIT_order_by.Item2";"REFERENCE_NAME";"REFERENCE_NAME"
"SQL_CLIENT_MAIN.vi";"Front Panel";"SQL_EDIT_order_by.Item3";"STATION_NMB";"STATION_NMB"
"SQL_CLIENT_MAIN.vi";"Front Panel";"SQL_EDIT_order_by.Item4";"DESCRIPTION";"DESCRIPTION"
"SQL_CLIENT_MAIN.vi";"Front Panel";"SQL_EDIT_order_by.Item5";"UNIT";"UNIT"
"SQL_CLIENT_MAIN.vi";"Front Panel";"SQL_EDIT_order_by.Item6";"PLC_TAG_TYPE";"PLC_TAG_TYPE"
"SQL_CLIENT_MAIN.vi";"Front Panel";"SQL_EDIT_order_by.Item7";"PLC_TAG_ADDRESS";"PLC_TAG_ADDRESS"
"SQL_CLIENT_MAIN.vi";"Front Panel";"SQL_EDIT_order_by.Item8";"CREATED_BY";"CREATED_BY"
"SQL_CLIENT_MAIN.vi";"Front Panel";"SQL_EDIT_order_by";"Order by: ";"Order by: "
"SQL_CLIENT_MAIN.vi";"Front Panel";"SQL_EDIT_discard.BoolText";"DISCARD CHANGES";"DISCARD CHANGES"
"SQL_CLIENT_MAIN.vi";"Front Panel";"SQL_EDIT_discard";"SQL_EDIT_discard";"SQL_EDIT_discard"
"SQL_CLIENT_MAIN.vi";"Front Panel";"SQL_EDIT_clear_status.BoolText";"CLEAR STATUS";"CLEAR STATUS"
"SQL_CLIENT_MAIN.vi";"Front Panel";"SQL_EDIT_clear_status";"SQL_EDIT_clear_status";"SQL_EDIT_clear_status"
"SQL_CLIENT_MAIN.vi";"Front Panel";"SQL_EDIT_select.BoolText";"SELECT";"SELECT"
"SQL_CLIENT_MAIN.vi";"Front Panel";"SQL_EDIT_select";"SQL_EDIT_select";"SQL_EDIT_select"
"SQL_CLIENT_MAIN.vi";"Front Panel";"value_to_select";"Value:";"Value:"
"SQL_CLIENT_MAIN.vi";"Front Panel";"SQL_EDIT_table.Item0";"ARCHIVISATION_CFG";"ARCHIVISATION_CFG"
"SQL_CLIENT_MAIN.vi";"Front Panel";"SQL_EDIT_table.Item1";"ARCHIVISATION_CFG_HISTORY";"ARCHIVISATION_CFG_HISTORY"
"SQL_CLIENT_MAIN.vi";"Front Panel";"SQL_EDIT_table.Item2";"AUDIT_RESULTS";"AUDIT_RESULTS"
"SQL_CLIENT_MAIN.vi";"Front Panel";"SQL_EDIT_table.Item3";"DOCK_AUDIT_BATCH_COUNT";"DOCK_AUDIT_BATCH_COUNT"
"SQL_CLIENT_MAIN.vi";"Front Panel";"SQL_EDIT_table.Item4";"DOCK_AUDIT_BATCH_SIZE";"DOCK_AUDIT_BATCH_SIZE"
"SQL_CLIENT_MAIN.vi";"Front Panel";"SQL_EDIT_table.Item5";"DOCK_AUDIT_BATCHES";"DOCK_AUDIT_BATCHES"
"SQL_CLIENT_MAIN.vi";"Front Panel";"SQL_EDIT_table.Item6";"MAX_REPEAT_COUNT";"MAX_REPEAT_COUNT"
"SQL_CLIENT_MAIN.vi";"Front Panel";"SQL_EDIT_table.Item7";"OEE_AVAILABILITY";"OEE_AVAILABILITY"
"SQL_CLIENT_MAIN.vi";"Front Panel";"SQL_EDIT_table.Item8";"OEE_CONFIG";"OEE_CONFIG"
"SQL_CLIENT_MAIN.vi";"Front Panel";"SQL_EDIT_table.Item9";"OEE_SHIFT_TIMES";"OEE_SHIFT_TIMES"
"SQL_CLIENT_MAIN.vi";"Front Panel";"SQL_EDIT_table.Item10";"OEE_tmp_operations_memory_optimized";"OEE_tmp_operations_memory_optimized"
"SQL_CLIENT_MAIN.vi";"Front Panel";"SQL_EDIT_table.Item11";"PRODUCTION_BATCHES";"PRODUCTION_BATCHES"
"SQL_CLIENT_MAIN.vi";"Front Panel";"SQL_EDIT_table.Item12";"PRODUCTION_BATCHES_OPERATIONS";"PRODUCTION_BATCHES_OPERATIONS"
"SQL_CLIENT_MAIN.vi";"Front Panel";"SQL_EDIT_table.Item13";"PRODUCTION_PARTS";"PRODUCTION_PARTS"
"SQL_CLIENT_MAIN.vi";"Front Panel";"SQL_EDIT_table.Item14";"PRODUCTION_PARTS_OPERATIONS";"PRODUCTION_PARTS_OPERATIONS"
"SQL_CLIENT_MAIN.vi";"Front Panel";"SQL_EDIT_table.Item15";"PRODUCTION_PARTS_OPERATIONS_RESULTS_REAL";"PRODUCTION_PARTS_OPERATIONS_RESULTS_REAL"
"SQL_CLIENT_MAIN.vi";"Front Panel";"SQL_EDIT_table.Item16";"PRODUCTION_PARTS_OPERATIONS_RESULTS_STRING";"PRODUCTION_PARTS_OPERATIONS_RESULTS_STRING"
"SQL_CLIENT_MAIN.vi";"Front Panel";"SQL_EDIT_table.Item17";"PRODUCTION_PINIONS";"PRODUCTION_PINIONS"
"SQL_CLIENT_MAIN.vi";"Front Panel";"SQL_EDIT_table.Item18";"REFERENCE";"REFERENCE"
"SQL_CLIENT_MAIN.vi";"Front Panel";"SQL_EDIT_table.Item19";"REFERENCE_HISTORY";"REFERENCE_HISTORY"
"SQL_CLIENT_MAIN.vi";"Front Panel";"SQL_EDIT_table.Item20";"REWORK";"REWORK"
"SQL_CLIENT_MAIN.vi";"Front Panel";"SQL_EDIT_table.Item21";"ROUTING";"ROUTING"
"SQL_CLIENT_MAIN.vi";"Front Panel";"SQL_EDIT_table.Item22";"USER_DATA";"USER_DATA"
"SQL_CLIENT_MAIN.vi";"Front Panel";"SQL_EDIT_table.Item23";"USER_DATA_HISTORY";"USER_DATA_HISTORY"
"SQL_CLIENT_MAIN.vi";"Front Panel";"SQL_EDIT_table";"Table: ";"Table: "
"SQL_CLIENT_MAIN.vi";"Front Panel";"SQL_EDIT_column.Item0";"ID";"ID"
"SQL_CLIENT_MAIN.vi";"Front Panel";"SQL_EDIT_column.Item1";"CREATION_TIME";"CREATION_TIME"
"SQL_CLIENT_MAIN.vi";"Front Panel";"SQL_EDIT_column.Item2";"REFERENCE_NAME";"REFERENCE_NAME"
"SQL_CLIENT_MAIN.vi";"Front Panel";"SQL_EDIT_column.Item3";"STATION_NMB";"STATION_NMB"
"SQL_CLIENT_MAIN.vi";"Front Panel";"SQL_EDIT_column.Item4";"DESCRIPTION";"DESCRIPTION"
"SQL_CLIENT_MAIN.vi";"Front Panel";"SQL_EDIT_column.Item5";"UNIT";"UNIT"
"SQL_CLIENT_MAIN.vi";"Front Panel";"SQL_EDIT_column.Item6";"PLC_TAG_TYPE";"PLC_TAG_TYPE"
"SQL_CLIENT_MAIN.vi";"Front Panel";"SQL_EDIT_column.Item7";"PLC_TAG_ADDRESS";"PLC_TAG_ADDRESS"
"SQL_CLIENT_MAIN.vi";"Front Panel";"SQL_EDIT_column.Item8";"CREATED_BY";"CREATED_BY"
"SQL_CLIENT_MAIN.vi";"Front Panel";"SQL_EDIT_column";"Column: ";"Column: "
"SQL_CLIENT_MAIN.vi";"Front Panel";"SQL_EDIT_insert_update.BoolText";"INSERT / UPDATE";"INSERT / UPDATE"
"SQL_CLIENT_MAIN.vi";"Front Panel";"SQL_EDIT_insert_update";"SQL_EDIT_insert_update";"SQL_EDIT_insert_update"
"SQL_CLIENT_MAIN.vi";"Front Panel";"SQL_EDIT_delete.BoolText";"DELETE";"DELETE"
"SQL_CLIENT_MAIN.vi";"Front Panel";"SQL_EDIT_delete";"SQL_EDIT_delete";"SQL_EDIT_delete"
"SQL_CLIENT_MAIN.vi";"Front Panel";"SQL_EDIT_records";"SQL_EDIT_records";"SQL_EDIT_records"
"SQL_CLIENT_MAIN.vi";"Front Panel";"SQL_EDIT_status";"SQL_EDIT_status";"SQL_EDIT_status"
"SQL_CLIENT_MAIN.vi";"Front Panel";"SQL_TEXT_execute.BoolText";"EXECUTE";"EXECUTE"
"SQL_CLIENT_MAIN.vi";"Front Panel";"SQL_TEXT_execute";"SQL_TEXT_execute";"SQL_TEXT_execute"
"SQL_CLIENT_MAIN.vi";"Front Panel";"SQL_TEXT_clear_status.BoolText";"CLEAR";"CLEAR"
"SQL_CLIENT_MAIN.vi";"Front Panel";"SQL_TEXT_clear_status";"SQL_TEXT_clear_status";"SQL_TEXT_clear_status"
"SQL_CLIENT_MAIN.vi";"Front Panel";"SQL_TEXT_input";"SQL_TEXT_input";"SQL_TEXT_input"
"SQL_CLIENT_MAIN.vi";"Front Panel";"SQL_TEXT_status";"SQL_TEXT_status";"SQL_TEXT_status"
"SQL_CLIENT_MAIN.vi";"Front Panel";"SQL_TEXT_records";"SQL_TEXT_records";"SQL_TEXT_records"
"SQL_CLIENT_MAIN.vi";"Front Panel";"main_error";"main_error";"main_error"
"SQL_CLIENT_MAIN.vi";"Front Panel";"ERRORS_clear.BoolText";"CLEAR ERRORS";"CLEAR ERRORS"
"SQL_CLIENT_MAIN.vi";"Front Panel";"ERRORS_clear";"ERRORS_clear";"ERRORS_clear"
"SQL_CLIENT_MAIN.vi";"Front Panel";"error_indicator_tab.False";"OK";"OK"
"SQL_CLIENT_MAIN.vi";"Front Panel";"error_indicator_tab.True";"ERROR";"ERROR"
"SQL_CLIENT_MAIN.vi";"Front Panel";"error_indicator_tab";"error_indicator_tab";"error_indicator_tab"
"about_window.vi";"Front Panel";"lines_to_bold";"lines_to_bold";"lines_to_bold"
"about_window.vi";"Front Panel";"";"";""
"about_window.vi";"Front Panel";"title";"Title";"Title"
"about_window.vi";"Front Panel";"error_out";"error_out";"error_out"
"about_window.vi";"Front Panel";"source";"source";"source"
"about_window.vi";"Front Panel";"code";"code";"code"
"about_window.vi";"Front Panel";"status.False";"";""
"about_window.vi";"Front Panel";"status.True";"";""
"about_window.vi";"Front Panel";"status";"status";"status"
"about_window.vi";"Front Panel";"error_in";"error_in";"error_in"
"about_window.vi";"Front Panel";"OK.BoolText";"OK";"OK"
"about_window.vi";"Front Panel";"OK";"OK";"OK"
"about_window.vi";"Front Panel";"about_string";"about_string";"about_string"
"custom_picktime.vi";"Front Panel";"custom_time_display";"custom_time_display";"custom_time_display"
"custom_picktime.vi";"Front Panel";"DaylightSavingState";"DaylightSavingState";"DaylightSavingState"
"custom_picktime.vi";"Front Panel";"date time rec";"date time rec";"date time rec"
"custom_picktime.vi";"Front Panel";"fractional second";"fractional second";"fractional second"
"custom_picktime.vi";"Front Panel";"second";"second";"second"
"custom_picktime.vi";"Front Panel";"minute";"minute";"minute"
"custom_picktime.vi";"Front Panel";"hour";"hour";"hour"
"custom_picktime.vi";"Front Panel";"day of month";"day of month";"day of month"
"custom_picktime.vi";"Front Panel";"month";"month";"month"
"custom_picktime.vi";"Front Panel";"year";"year";"year"
"custom_picktime.vi";"Front Panel";"day of week";"day of week";"day of week"
"custom_picktime.vi";"Front Panel";"day of year";"day of year";"day of year"
"custom_picktime.vi";"Front Panel";"DST";"DST";"DST"
"custom_picktime.vi";"Front Panel";"Time Display";"Time Display";"Time Display"
"custom_picktime.vi";"Front Panel";"now.False";"Set Time to Now";"Set Time to Now"
"custom_picktime.vi";"Front Panel";"now.True";"Set Time to Now";"Set Time to Now"
"custom_picktime.vi";"Front Panel";"now";"now";"now"
"custom_picktime.vi";"Front Panel";"cancel.False";"Cancel";"Cancel"
"custom_picktime.vi";"Front Panel";"cancel.True";"Cancel";"Cancel"
"custom_picktime.vi";"Front Panel";"cancel";"cancel";"cancel"
"custom_picktime.vi";"Front Panel";"ok.False";"OK";"OK"
"custom_picktime.vi";"Front Panel";"ok.True";"OK";"OK"
"custom_picktime.vi";"Front Panel";"ok";"ok";"ok"
"custom_picktime.vi";"Front Panel";"first";"first";"first"
"custom_picktime.vi";"Front Panel";"wdnames";"wdnames";"wdnames"
"custom_picktime.vi";"Front Panel";"String";"String";"String"
"custom_picktime.vi";"Front Panel";"mnames";"mnames";"mnames"
"custom_picktime.vi";"Front Panel";"fmtstr";"fmtstr";"fmtstr"
"custom_picktime.vi";"Front Panel";"secin";"secin";"secin"
"custom_picktime.vi";"Front Panel";"secout";"secout";"secout"
"custom_picktime.vi";"Front Panel";"Year";"Year";"Year"
"custom_picktime.vi";"Front Panel";"Month.Item0";"January";"January"
"custom_picktime.vi";"Front Panel";"Month.Item1";"February";"February"
"custom_picktime.vi";"Front Panel";"Month.Item2";"March";"March"
"custom_picktime.vi";"Front Panel";"Month.Item3";"April";"April"
"custom_picktime.vi";"Front Panel";"Month.Item4";"May";"May"
"custom_picktime.vi";"Front Panel";"Month.Item5";"June";"June"
"custom_picktime.vi";"Front Panel";"Month.Item6";"July";"July"
"custom_picktime.vi";"Front Panel";"Month.Item7";"August";"August"
"custom_picktime.vi";"Front Panel";"Month.Item8";"September";"September"
"custom_picktime.vi";"Front Panel";"Month.Item9";"October";"October"
"custom_picktime.vi";"Front Panel";"Month.Item10";"November";"November"
"custom_picktime.vi";"Front Panel";"Month.Item11";"December";"December"
"custom_picktime.vi";"Front Panel";"Month";"Month";"Month"
"custom_picktime.vi";"Front Panel";"Date";"Date";"Date"
"database_password_prompt.vi";"Front Panel";"new_password";"new_password";"new_password"
"database_password_prompt.vi";"Front Panel";"Password:";"Password:";"Password:"
"database_password_prompt.vi";"Front Panel";"Canceled?.BoolText";"OFF";"OFF"
"database_password_prompt.vi";"Front Panel";"Canceled?";"Canceled?";"Canceled?"
"database_password_prompt.vi";"Front Panel";"Cancel.False";"Cancel";"Cancel"
"database_password_prompt.vi";"Front Panel";"Cancel.True";"Cancel";"Cancel"
"database_password_prompt.vi";"Front Panel";"Cancel";"Cancel";"Cancel"
"database_password_prompt.vi";"Front Panel";"OK.False";"OK";"OK"
"database_password_prompt.vi";"Front Panel";"OK.True";"OK";"OK"
"error_popup.vi";"Front Panel";"EXIT App If Error? (F).BoolText";"OFF";"OFF"
"error_popup.vi";"Front Panel";"EXIT App If Error? (F)";"EXIT App If Error? (F)";"EXIT App If Error? (F)"
"error_popup.vi";"Front Panel";"STOP_button_reference";"STOP_button_reference";"STOP_button_reference"
"error_popup.vi";"Front Panel";"Project Title 2";"Project Title 2";"Project Title 2"
"error_popup.vi";"Front Panel";"Message copy";"Message copy";"Message copy"
"LOGIN_scan_barcode.vi";"Front Panel";"barcode";"barcode";"barcode"
"LOGIN_scan_barcode.vi";"Front Panel";"all_config_info";"all_config_info";"all_config_info"
"LOGIN_scan_barcode.vi";"Front Panel";"SQL Password";"SQL Password";"SQL Password"
"LOGIN_scan_barcode.vi";"Front Panel";"queue_refnums";"queue_refnums";"queue_refnums"
"LOGIN_scan_barcode.vi";"Front Panel";"CLIENT_REF_CHG_queue";"CLIENT_REF_CHG_queue";"CLIENT_REF_CHG_queue"
"LOGIN_scan_barcode.vi";"Front Panel";"SCANNER_data";"SCANNER_data";"SCANNER_data"
"LOGIN_scan_barcode.vi";"Front Panel";"SCANNER_queue";"SCANNER_queue";"SCANNER_queue"
"LOGIN_scan_barcode.vi";"Front Panel";"SQL_EDITOR_queue";"SQL_EDITOR_queue";"SQL_EDITOR_queue"
"LOGIN_scan_barcode.vi";"Front Panel";"main_ini_file";"main_ini_file";"main_ini_file"
"LOGIN_scan_barcode.vi";"Front Panel";"REF CHG local port";"REF CHG local port";"REF CHG local port"
"LOGIN_scan_barcode.vi";"Front Panel";"REF CHG remote port";"REF CHG remote port";"REF CHG remote port"
"LOGIN_scan_barcode.vi";"Front Panel";"REF CHG connection IP";"REF CHG connection IP";"REF CHG connection IP"
"LOGIN_scan_barcode.vi";"Front Panel";"records per page";"records per page";"records per page"
"LOGIN_scan_barcode.vi";"Front Panel";"logout timeout [ms]";"logout timeout [ms]";"logout timeout [ms]"
"LOGIN_scan_barcode.vi";"Front Panel";"User history";"User history";"User history"
"LOGIN_scan_barcode.vi";"Front Panel";"User table";"User table";"User table"
"LOGIN_scan_barcode.vi";"Front Panel";"SCANNER Termination char";"SCANNER Termination char";"SCANNER Termination char"
"LOGIN_scan_barcode.vi";"Front Panel";"SCANNER Flow control.Item0";"None";"None"
"LOGIN_scan_barcode.vi";"Front Panel";"SCANNER Flow control.Item1";"XON/XOFF";"XON/XOFF"
"LOGIN_scan_barcode.vi";"Front Panel";"SCANNER Flow control.Item2";"RTS/CTS";"RTS/CTS"
"LOGIN_scan_barcode.vi";"Front Panel";"SCANNER Flow control.Item3";"DTR/DSR";"DTR/DSR"
"LOGIN_scan_barcode.vi";"Front Panel";"SCANNER Flow control";"SCANNER Flow control";"SCANNER Flow control"
"LOGIN_scan_barcode.vi";"Front Panel";"SCANNER Stop bits.Item0";"None";"None"
"LOGIN_scan_barcode.vi";"Front Panel";"SCANNER Stop bits.Item1";"XON/XOFF";"XON/XOFF"
"LOGIN_scan_barcode.vi";"Front Panel";"SCANNER Stop bits.Item2";"RTS/CTS";"RTS/CTS"
"LOGIN_scan_barcode.vi";"Front Panel";"SCANNER Stop bits.Item3";"DTR/DSR";"DTR/DSR"
"LOGIN_scan_barcode.vi";"Front Panel";"SCANNER Stop bits";"SCANNER Stop bits";"SCANNER Stop bits"
"LOGIN_scan_barcode.vi";"Front Panel";"SCANNER Pairity";"SCANNER Pairity";"SCANNER Pairity"
"LOGIN_scan_barcode.vi";"Front Panel";"SCANNER Data bits";"SCANNER Data bits";"SCANNER Data bits"
"LOGIN_scan_barcode.vi";"Front Panel";"SCANNER Baud rate";"SCANNER Baud rate";"SCANNER Baud rate"
"LOGIN_scan_barcode.vi";"Front Panel";"SCANNER COM port";"SCANNER COM port";"SCANNER COM port"
"LOGIN_scan_barcode.vi";"Front Panel";"Archivisation CFG history";"Archivisation CFG history";"Archivisation CFG history"
"LOGIN_scan_barcode.vi";"Front Panel";"Archivisation CFG table";"Archivisation CFG table";"Archivisation CFG table"
"LOGIN_scan_barcode.vi";"Front Panel";"Reference history";"Reference history";"Reference history"
"LOGIN_scan_barcode.vi";"Front Panel";"Reference table";"Reference table";"Reference table"
"LOGIN_scan_barcode.vi";"Front Panel";"SQL UID";"SQL UID";"SQL UID"
"LOGIN_scan_barcode.vi";"Front Panel";"SQL Database";"SQL Database";"SQL Database"
"LOGIN_scan_barcode.vi";"Front Panel";"SQL Server";"SQL Server";"SQL Server"
"LOGIN_scan_barcode.vi";"Front Panel";"SQL Driver";"SQL Driver";"SQL Driver"
"LOGIN_scan_barcode.vi";"Front Panel";"cancel_barcode_scan.BoolText";"CANCEL";"CANCEL"
"LOGIN_scan_barcode.vi";"Front Panel";"cancel_barcode_scan";"cancel_barcode_scan";"cancel_barcode_scan"
"message_popup.vi";"Front Panel";"Button Label";"Button Label";"Button Label"
"message_popup.vi";"Front Panel";"Warning(T)/Info(F).BoolText";"OFF";"OFF"
"message_popup.vi";"Front Panel";"Warning(T)/Info(F)";"Warning(T)/Info(F)";"Warning(T)/Info(F)"
"message_popup.vi";"Front Panel";"Message";"Message";"Message"
"message_popup.vi";"Front Panel";"Title";"Title";"Title"
"REPORT_OPRTN_filter_columns.vi";"Front Panel";"columns_filter";"columns_filter";"columns_filter"
"REPORT_OPRTN_filter_columns.vi";"Front Panel";"ok.BoolText";"HIDE SELECTED";"HIDE SELECTED"
"REPORT_OPRTN_filter_columns.vi";"Front Panel";"cancel.BoolText";"CANCEL";"CANCEL"
"SQL_CLIENT_MAIN.vi";"Block Diagram";"Aumatic";"Aumatic";"Aumatic"
"SQL_CLIENT_MAIN.vi";"Block Diagram";"reference_changed";"reference_changed";"reference_changed"
"SQL_CLIENT_MAIN.vi";"Block Diagram";"ping";"ping";"ping"
"SQL_CLIENT_MAIN.vi";"Block Diagram";"Error in connection to PLC Proxy Application.\nReference change not possible until connection is restored.";"Error in connection to PLC Proxy Application.\nReference change not possible until connection is restored.";"Error in connection to PLC Proxy Application.\nReference change not possible until connection is restored."
"SQL_CLIENT_MAIN.vi";"Block Diagram";"COM";"COM";"COM"
"SQL_CLIENT_MAIN.vi";"Block Diagram";"NoRead
\n";"NoRead
\n";"NoRead
\n"
"SQL_CLIENT_MAIN.vi";"Block Diagram";"COLUMN NAMES READ";"COLUMN NAMES READ";"COLUMN NAMES READ"
"SQL_CLIENT_MAIN.vi";"Block Diagram";"STATION NUMBERS READ";"STATION NUMBERS READ";"STATION NUMBERS READ"
"SQL_CLIENT_MAIN.vi";"Block Diagram";"select STATION_NMB\nfrom (select distinct STATION_NMB\n      from %s\n     ) tmp\norder by (case when STATION_NMB is NULL then 1 else 0 end), STATION_NMB asc";"select STATION_NMB\nfrom (select distinct STATION_NMB\n      from %s\n     ) tmp\norder by (case when STATION_NMB is NULL then 1 else 0 end), STATION_NMB asc";"select STATION_NMB\nfrom (select distinct STATION_NMB\n      from %s\n     ) tmp\norder by (case when STATION_NMB is NULL then 1 else 0 end), STATION_NMB asc"
"SQL_CLIENT_MAIN.vi";"Block Diagram";"SELECT STATION RECORDS";"SELECT STATION RECORDS";"SELECT STATION RECORDS"
"SQL_CLIENT_MAIN.vi";"Block Diagram";"INSERT RECORD";"INSERT RECORD";"INSERT RECORD"
"SQL_CLIENT_MAIN.vi";"Block Diagram";"UPDATE RECORD";"UPDATE RECORD";"UPDATE RECORD"
"SQL_CLIENT_MAIN.vi";"Block Diagram";"Record that is not synchronised with database can not be deleted";"Record that is not synchronised with database can not be deleted";"Record that is not synchronised with database can not be deleted"
"SQL_CLIENT_MAIN.vi";"Block Diagram";"DELETE RECORD";"DELETE RECORD";"DELETE RECORD"
"SQL_CLIENT_MAIN.vi";"Block Diagram";"UPDATE BARCODE - NEW CODE: %s - HASH: %s";"UPDATE BARCODE - NEW CODE: %s - HASH: %s";"UPDATE BARCODE - NEW CODE: %s - HASH: %s"
"SQL_CLIENT_MAIN.vi";"Block Diagram";"Login";"Login";"Login"
"SQL_CLIENT_MAIN.vi";"Block Diagram";"Scanned card not in database!\nCard: %s\nHash: %s";"Scanned card not in database!\nCard: %s\nHash: %s";"Scanned card not in database!\nCard: %s\nHash: %s"
"SQL_CLIENT_MAIN.vi";"Block Diagram";"select USER_NAME, PROXY_APP\nfrom %s\nwhere BARCODE_HASH = '%s'\norder by ID desc";"select USER_NAME, PROXY_APP\nfrom %s\nwhere BARCODE_HASH = '%s'\norder by ID desc";"select USER_NAME, PROXY_APP\nfrom %s\nwhere BARCODE_HASH = '%s'\norder by ID desc"
"SQL_CLIENT_MAIN.vi";"Block Diagram";"TABLES READ";"TABLES READ";"TABLES READ"
"SQL_CLIENT_MAIN.vi";"Block Diagram";"SELECT RECORDS";"SELECT RECORDS";"SELECT RECORDS"
"SQL_CLIENT_MAIN.vi";"Block Diagram";"GEAR REPORT";"GEAR REPORT";"GEAR REPORT"
"SQL_CLIENT_MAIN.vi";"Block Diagram";"select top 1 PRODUCTION_PARTS.ID, PRODUCTION_PARTS.CREATION_TIME, PRODUCTION_PARTS.LAST_STATION_NMB, PRODUCTION_PARTS.LAST_STATUS, PRODUCTION_PINIONS.PINION_SERIAL, DOCK_AUDIT_BATCHES.BATCH_CODE, PRODUCTION_PARTS.PINION_ID, PRODUCTION_PARTS.BATCH_ID\nfrom PRODUCTION_PARTS \nleft join PRODUCTION_PINIONS on PRODUCTION_PARTS.PINION_ID = PRODUCTION_PINIONS.ID\nleft join DOCK_AUDIT_BATCHES on PRODUCTION_PARTS.BATCH_ID = DOCK_AUDIT_BATCHES.ID\nwhere PART_SERIAL = '%s'";"select top 1 PRODUCTION_PARTS.ID, PRODUCTION_PARTS.CREATION_TIME, PRODUCTION_PARTS.LAST_STATION_NMB, PRODUCTION_PARTS.LAST_STATUS, PRODUCTION_PINIONS.PINION_SERIAL, DOCK_AUDIT_BATCHES.BATCH_CODE, PRODUCTION_PARTS.PINION_ID, PRODUCTION_PARTS.BATCH_ID\nfrom PRODUCTION_PARTS \nleft join PRODUCTION_PINIONS on PRODUCTION_PARTS.PINION_ID = PRODUCTION_PINIONS.ID\nleft join DOCK_AUDIT_BATCHES on PRODUCTION_PARTS.BATCH_ID = DOCK_AUDIT_BATCHES.ID\nwhere PART_SERIAL = '%s'";"select top 1 PRODUCTION_PARTS.ID, PRODUCTION_PARTS.CREATION_TIME, PRODUCTION_PARTS.LAST_STATION_NMB, PRODUCTION_PARTS.LAST_STATUS, PRODUCTION_PINIONS.PINION_SERIAL, DOCK_AUDIT_BATCHES.BATCH_CODE, PRODUCTION_PARTS.PINION_ID, PRODUCTION_PARTS.BATCH_ID\nfrom PRODUCTION_PARTS \nleft join PRODUCTION_PINIONS on PRODUCTION_PARTS.PINION_ID = PRODUCTION_PINIONS.ID\nleft join DOCK_AUDIT_BATCHES on PRODUCTION_PARTS.BATCH_ID = DOCK_AUDIT_BATCHES.ID\nwhere PART_SERIAL = '%s'"
"SQL_CLIENT_MAIN.vi";"Block Diagram";"- %s";"- %s";"- %s"
"SQL_CLIENT_MAIN.vi";"Block Diagram";"DATES REPORT";"DATES REPORT";"DATES REPORT"
"SQL_CLIENT_MAIN.vi";"Block Diagram";"SELECT PRODUCTION_PARTS.ID, PRODUCTION_PARTS.CREATION_TIME, PRODUCTION_PARTS.PART_SERIAL, PRODUCTION_PARTS.LAST_STATION_NMB, PRODUCTION_PARTS.LAST_STATUS, PRODUCTION_PINIONS.PINION_SERIAL, DOCK_AUDIT_BATCHES.BATCH_CODE\nFROM PRODUCTION_PARTS\nleft join PRODUCTION_PINIONS on PRODUCTION_PARTS.PINION_ID = PRODUCTION_PINIONS.ID\nleft join DOCK_AUDIT_BATCHES on PRODUCTION_PARTS.BATCH_ID = DOCK_AUDIT_BATCHES.ID\nWHERE (PRODUCTION_PARTS.CREATION_TIME BETWEEN '%s' AND '%s') \nAND (CAST(PRODUCTION_PARTS.CREATION_TIME as time) BETWEEN '%s' AND '%s')\nORDER BY CREATION_TIME";"SELECT PRODUCTION_PARTS.ID, PRODUCTION_PARTS.CREATION_TIME, PRODUCTION_PARTS.PART_SERIAL, PRODUCTION_PARTS.LAST_STATION_NMB, PRODUCTION_PARTS.LAST_STATUS, PRODUCTION_PINIONS.PINION_SERIAL, DOCK_AUDIT_BATCHES.BATCH_CODE\nFROM PRODUCTION_PARTS\nleft join PRODUCTION_PINIONS on PRODUCTION_PARTS.PINION_ID = PRODUCTION_PINIONS.ID\nleft join DOCK_AUDIT_BATCHES on PRODUCTION_PARTS.BATCH_ID = DOCK_AUDIT_BATCHES.ID\nWHERE (PRODUCTION_PARTS.CREATION_TIME BETWEEN '%s' AND '%s') \nAND (CAST(PRODUCTION_PARTS.CREATION_TIME as time) BETWEEN '%s' AND '%s')\nORDER BY CREATION_TIME";"SELECT PRODUCTION_PARTS.ID, PRODUCTION_PARTS.CREATION_TIME, PRODUCTION_PARTS.PART_SERIAL, PRODUCTION_PARTS.LAST_STATION_NMB, PRODUCTION_PARTS.LAST_STATUS, PRODUCTION_PINIONS.PINION_SERIAL, DOCK_AUDIT_BATCHES.BATCH_CODE\nFROM PRODUCTION_PARTS\nleft join PRODUCTION_PINIONS on PRODUCTION_PARTS.PINION_ID = PRODUCTION_PINIONS.ID\nleft join DOCK_AUDIT_BATCHES on PRODUCTION_PARTS.BATCH_ID = DOCK_AUDIT_BATCHES.ID\nWHERE (PRODUCTION_PARTS.CREATION_TIME BETWEEN '%s' AND '%s') \nAND (CAST(PRODUCTION_PARTS.CREATION_TIME as time) BETWEEN '%s' AND '%s')\nORDER BY CREATION_TIME"
"SQL_CLIENT_MAIN.vi";"Block Diagram";"%H:%M:%S";"%H:%M:%S";"%H:%M:%S"
"SQL_CLIENT_MAIN.vi";"Block Diagram";"%Y-%m-%d %H:%M:%S";"%Y-%m-%d %H:%M:%S";"%Y-%m-%d %H:%M:%S"
"SQL_CLIENT_MAIN.vi";"Block Diagram";"PRODUCTION BATCH REPORT";"PRODUCTION BATCH REPORT";"PRODUCTION BATCH REPORT"
"SQL_CLIENT_MAIN.vi";"Block Diagram";"with cte_operation_id_station as(\nSELECT DISTINCT PART_ID, STATION_NMB FROM PRODUCTION_PARTS_OPERATIONS\nWHERE ID IN\n(SELECT DISTINCT OPERATION_ID FROM PRODUCTION_BATCHES_OPERATIONS\nWHERE BATCH_ID IN\n(SELECT DISTINCT ID FROM PRODUCTION_BATCHES\nWHERE BATCH_NUMBER = '%s')))\n\nSELECT PRODUCTION_PARTS.ID, PRODUCTION_PARTS.CREATION_TIME, PRODUCTION_PARTS.PART_SERIAL, PRODUCTION_PARTS.LAST_STATION_NMB, PRODUCTION_PARTS.LAST_STATUS, PRODUCTION_PINIONS.PINION_SERIAL, DOCK_AUDIT_BATCHES.BATCH_CODE, cte_operation_id_station.STATION_NMB\nFROM cte_operation_id_station, PRODUCTION_PARTS \nleft join PRODUCTION_PINIONS on PRODUCTION_PARTS.PINION_ID = PRODUCTION_PINIONS.ID\nleft join DOCK_AUDIT_BATCHES on PRODUCTION_PARTS.BATCH_ID = DOCK_AUDIT_BATCHES.ID\nWHERE (PRODUCTION_PARTS.ID IN (cte_operation_id_station.PART_ID) AND cte_operation_id_station.STATION_NMB <> 30) OR (PRODUCTION_PARTS.PINION_ID IN (cte_operation_id_station.PART_ID) AND cte_operation_id_station.STATION_NMB = 30)\nORDER BY CREATION_TIME";"with cte_operation_id_station as(\nSELECT DISTINCT PART_ID, STATION_NMB FROM PRODUCTION_PARTS_OPERATIONS\nWHERE ID IN\n(SELECT DISTINCT OPERATION_ID FROM PRODUCTION_BATCHES_OPERATIONS\nWHERE BATCH_ID IN\n(SELECT DISTINCT ID FROM PRODUCTION_BATCHES\nWHERE BATCH_NUMBER = '%s')))\n\nSELECT PRODUCTION_PARTS.ID, PRODUCTION_PARTS.CREATION_TIME, PRODUCTION_PARTS.PART_SERIAL, PRODUCTION_PARTS.LAST_STATION_NMB, PRODUCTION_PARTS.LAST_STATUS, PRODUCTION_PINIONS.PINION_SERIAL, DOCK_AUDIT_BATCHES.BATCH_CODE, cte_operation_id_station.STATION_NMB\nFROM cte_operation_id_station, PRODUCTION_PARTS \nleft join PRODUCTION_PINIONS on PRODUCTION_PARTS.PINION_ID = PRODUCTION_PINIONS.ID\nleft join DOCK_AUDIT_BATCHES on PRODUCTION_PARTS.BATCH_ID = DOCK_AUDIT_BATCHES.ID\nWHERE (PRODUCTION_PARTS.ID IN (cte_operation_id_station.PART_ID) AND cte_operation_id_station.STATION_NMB <> 30) OR (PRODUCTION_PARTS.PINION_ID IN (cte_operation_id_station.PART_ID) AND cte_operation_id_station.STATION_NMB = 30)\nORDER BY CREATION_TIME";"with cte_operation_id_station as(\nSELECT DISTINCT PART_ID, STATION_NMB FROM PRODUCTION_PARTS_OPERATIONS\nWHERE ID IN\n(SELECT DISTINCT OPERATION_ID FROM PRODUCTION_BATCHES_OPERATIONS\nWHERE BATCH_ID IN\n(SELECT DISTINCT ID FROM PRODUCTION_BATCHES\nWHERE BATCH_NUMBER = '%s')))\n\nSELECT PRODUCTION_PARTS.ID, PRODUCTION_PARTS.CREATION_TIME, PRODUCTION_PARTS.PART_SERIAL, PRODUCTION_PARTS.LAST_STATION_NMB, PRODUCTION_PARTS.LAST_STATUS, PRODUCTION_PINIONS.PINION_SERIAL, DOCK_AUDIT_BATCHES.BATCH_CODE, cte_operation_id_station.STATION_NMB\nFROM cte_operation_id_station, PRODUCTION_PARTS \nleft join PRODUCTION_PINIONS on PRODUCTION_PARTS.PINION_ID = PRODUCTION_PINIONS.ID\nleft join DOCK_AUDIT_BATCHES on PRODUCTION_PARTS.BATCH_ID = DOCK_AUDIT_BATCHES.ID\nWHERE (PRODUCTION_PARTS.ID IN (cte_operation_id_station.PART_ID) AND cte_operation_id_station.STATION_NMB <> 30) OR (PRODUCTION_PARTS.PINION_ID IN (cte_operation_id_station.PART_ID) AND cte_operation_id_station.STATION_NMB = 30)\nORDER BY CREATION_TIME"
"SQL_CLIENT_MAIN.vi";"Block Diagram";"OPERATION REPORT";"OPERATION REPORT";"OPERATION REPORT"
"SQL_CLIENT_MAIN.vi";"Block Diagram";"CONFIG HISTORY REPORT";"CONFIG HISTORY REPORT";"CONFIG HISTORY REPORT"
"SQL_CLIENT_MAIN.vi";"Block Diagram";"AUDIT HISTOTY REPORT";"AUDIT HISTOTY REPORT";"AUDIT HISTOTY REPORT"
"SQL_CLIENT_MAIN.vi";"Block Diagram";"OK NOK COUNT REPORT";"OK NOK COUNT REPORT";"OK NOK COUNT REPORT"
"SQL_CLIENT_MAIN.vi";"Block Diagram";"REWORKS REPORT";"REWORKS REPORT";"REWORKS REPORT"
"SQL_CLIENT_MAIN.vi";"Block Diagram";"PACE REPORT";"PACE REPORT";"PACE REPORT"
"SQL_CLIENT_MAIN.vi";"Block Diagram";"CUSTOMER BATCH REPORT";"CUSTOMER BATCH REPORT";"CUSTOMER BATCH REPORT"
"SQL_CLIENT_MAIN.vi";"Block Diagram";"GEAR COMPONENTS REPORT";"GEAR COMPONENTS REPORT";"GEAR COMPONENTS REPORT"
"SQL_CLIENT_MAIN.vi";"Block Diagram";"REPORT CANNOT BE GENERATED ";"REPORT CANNOT BE GENERATED ";"REPORT CANNOT BE GENERATED "
"SQL_CLIENT_MAIN.vi";"Block Diagram";"Due to it's size PDF version of Operation report cannot be generated. Please generate CSV report instead.";"Due to it's size PDF version of Operation report cannot be generated. Please generate CSV report instead.";"Due to it's size PDF version of Operation report cannot be generated. Please generate CSV report instead."
"SQL_CLIENT_MAIN.vi";"Block Diagram";"DELETE";"DELETE";"DELETE"
"SQL_CLIENT_MAIN.vi";"Block Diagram";"No record selected for DELETE";"No record selected for DELETE";"No record selected for DELETE"
"SQL_CLIENT_MAIN.vi";"Block Diagram";"INSERT / UPDATE";"INSERT / UPDATE";"INSERT / UPDATE"
"SQL_CLIENT_MAIN.vi";"Block Diagram";"No record selected for INSERT / UPDATE";"No record selected for INSERT / UPDATE";"No record selected for INSERT / UPDATE"
"SQL_CLIENT_MAIN.vi";"Block Diagram";"Record is already up to date with database";"Record is already up to date with database";"Record is already up to date with database"
"SQL_CLIENT_MAIN.vi";"Block Diagram";",";",";","
"SQL_CLIENT_MAIN.vi";"Block Diagram";".";".";"."
"SQL_CLIENT_MAIN.vi";"Block Diagram";"^(\d+(?:[\,]{1}\d+)+)$";"^(\d+(?:[\,]{1}\d+)+)$";"^(\d+(?:[\,]{1}\d+)+)$"
"SQL_CLIENT_MAIN.vi";"Block Diagram";"SHOW ALL RESULTS";"SHOW ALL RESULTS";"SHOW ALL RESULTS"
"SQL_CLIENT_MAIN.vi";"Block Diagram";"HIDE ALL RESULTS";"HIDE ALL RESULTS";"HIDE ALL RESULTS"
"SQL_CLIENT_MAIN.vi";"Block Diagram";"Yes";"Yes";"Yes"
"SQL_CLIENT_MAIN.vi";"Block Diagram";"No";"No";"No"
"SQL_CLIENT_MAIN.vi";"Block Diagram";"Are you sure you want to exit the application?";"Are you sure you want to exit the application?";"Are you sure you want to exit the application?"
"SQL_CLIENT_MAIN.vi";"Block Diagram";"UPDATE BARCODE";"UPDATE BARCODE";"UPDATE BARCODE"
"SQL_CLIENT_MAIN.vi";"Block Diagram";"No record selected for barcode update";"No record selected for barcode update";"No record selected for barcode update"
"SQL_CLIENT_MAIN.vi";"Block Diagram";"NOT COMPILED!";"NOT COMPILED!";"NOT COMPILED!"
"SQL_CLIENT_MAIN.vi";"Block Diagram";"SQL Client Application\nMSG Assembly Line\nA603A00\n\nAumatic sp. z o.o.\nPilsudskiego 22\n32-050 Skawina\nPOLAND\n\nCOMPILATION DATE: %s\nCOMPILATION TIME: %s\nJakub Longa, 2021\n\n+48 (12) 256-77-90\naumatic.com";"SQL Client Application\nMSG Assembly Line\nA603A00\n\nAumatic sp. z o.o.\nPilsudskiego 22\n32-050 Skawina\nPOLAND\n\nCOMPILATION DATE: %s\nCOMPILATION TIME: %s\nJakub Longa, 2021\n\n+48 (12) 256-77-90\naumatic.com";"SQL Client Application\nMSG Assembly Line\nA603A00\n\nAumatic sp. z o.o.\nPilsudskiego 22\n32-050 Skawina\nPOLAND\n\nCOMPILATION DATE: %s\nCOMPILATION TIME: %s\nJakub Longa, 2021\n\n+48 (12) 256-77-90\naumatic.com"
"SQL_CLIENT_MAIN.vi";"Block Diagram";"Automatic Logout";"Automatic Logout";"Automatic Logout"
"SQL_CLIENT_MAIN.vi";"Block Diagram";"Automatic user logout was performed due to inactivity";"Automatic user logout was performed due to inactivity";"Automatic user logout was performed due to inactivity"
"SQL_CLIENT_MAIN.vi";"Block Diagram";"CREATION_TIME";"CREATION_TIME";"CREATION_TIME"
"SQL_CLIENT_MAIN.vi";"Block Diagram";"CREATED_BY";"CREATED_BY";"CREATED_BY"
"SQL_CLIENT_MAIN.vi";"Block Diagram";"BARCODE_HASH";"BARCODE_HASH";"BARCODE_HASH"
"about_window.vi";"Block Diagram";"About";"About";"About"
"add_TOP_clause_to_DELETE_statement.vi";"Block Diagram";"DELETE TOP (%d)";"DELETE TOP (%d)";"DELETE TOP (%d)"
"add_TOP_clause_to_SELECT_statement.vi";"Block Diagram";"SELECT";"SELECT";"SELECT"
"add_TOP_clause_to_SELECT_statement.vi";"Block Diagram";"SELECT TOP %d";"SELECT TOP %d";"SELECT TOP %d"
"add_TOP_clause_to_UPDATE_statement.vi";"Block Diagram";"UPDATE";"UPDATE";"UPDATE"
"add_TOP_clause_to_UPDATE_statement.vi";"Block Diagram";"UPDATE TOP (%d)";"UPDATE TOP (%d)";"UPDATE TOP (%d)"
"ARCH_EDITOR_prepare_DELETE_transaction.vi";"Block Diagram";", ";", ";", "
"ARCH_EDITOR_prepare_DELETE_transaction.vi";"Block Diagram";"'%s'";"'%s'";"'%s'"
"ARCH_EDITOR_prepare_DELETE_transaction.vi";"Block Diagram";"%s";"%s";"%s"
"ARCH_EDITOR_prepare_DELETE_transaction.vi";"Block Diagram";" AND ";" AND ";" AND "
"ARCH_EDITOR_prepare_DELETE_transaction.vi";"Block Diagram";"%s='%s'";"%s='%s'";"%s='%s'"
"ARCH_EDITOR_prepare_DELETE_transaction.vi";"Block Diagram";"DELETE FROM %s WHERE ";"DELETE FROM %s WHERE ";"DELETE FROM %s WHERE "
"ARCH_EDITOR_prepare_DELETE_transaction.vi";"Block Diagram";"INSERT INTO %s (";"INSERT INTO %s (";"INSERT INTO %s ("
"ARCH_EDITOR_prepare_DELETE_transaction.vi";"Block Diagram";") VALUES (";") VALUES (";") VALUES ("
"ARCH_EDITOR_prepare_DELETE_transaction.vi";"Block Diagram";");";");";");"
"ARCH_EDITOR_prepare_DELETE_transaction.vi";"Block Diagram";"DELETED_BY";"DELETED_BY";"DELETED_BY"
"ARCH_EDITOR_prepare_INSERT_statement.vi";"Block Diagram";") OUTPUT INSERTED.ID, INSERTED.CREATION_TIME\nVALUES (";") OUTPUT INSERTED.ID, INSERTED.CREATION_TIME\nVALUES (";") OUTPUT INSERTED.ID, INSERTED.CREATION_TIME\nVALUES ("
"ARCH_EDITOR_prepare_SELECT_statement.vi";"Block Diagram";"SELECT %s FROM %s WHERE STATION_NMB = '%s' \nAND PLC_TAG_TYPE = '%s'\nORDER BY PLC_TAG_TYPE, PLC_TAG_ADDRESS";"SELECT %s FROM %s WHERE STATION_NMB = '%s' \nAND PLC_TAG_TYPE = '%s'\nORDER BY PLC_TAG_TYPE, PLC_TAG_ADDRESS";"SELECT %s FROM %s WHERE STATION_NMB = '%s' \nAND PLC_TAG_TYPE = '%s'\nORDER BY PLC_TAG_TYPE, PLC_TAG_ADDRESS"
"ARCH_EDITOR_prepare_SELECT_statement.vi";"Block Diagram";"SELECT %s FROM %s WHERE STATION_NMB = '%s'\nORDER BY PLC_TAG_TYPE, PLC_TAG_ADDRESS";"SELECT %s FROM %s WHERE STATION_NMB = '%s'\nORDER BY PLC_TAG_TYPE, PLC_TAG_ADDRESS";"SELECT %s FROM %s WHERE STATION_NMB = '%s'\nORDER BY PLC_TAG_TYPE, PLC_TAG_ADDRESS"
"blowfish_decipher.vi";"Block Diagram";"Decrypted Character Count Not found";"Decrypted Character Count Not found";"Decrypted Character Count Not found"
"blowfish_decipher.vi";"Block Diagram";"Invalid character found in input.";"Invalid character found in input.";"Invalid character found in input."
"blowfish_decipher.vi";"Block Diagram";"Aumatic2020";"Aumatic2020";"Aumatic2020"
"blowfish_decipher.vi";"Block Diagram";" ";" ";" "
"blowfish_decipher.vi";"Block Diagram";"\n";"\n";"\n"
"blowfish_decipher.vi";"Block Diagram";"
";"
";"
"
"blowfish_decipher.vi";"Block Diagram";"	";"	";"	"
"blowfish_decipher.vi";"Block Diagram";"[~0-9a-f]";"[~0-9a-f]";"[~0-9a-f]"
"blowfish_encipher.vi";"Block Diagram";"No Data to Encrypt!";"No Data to Encrypt!";"No Data to Encrypt!"
"blowfish_encipher.vi";"Block Diagram";"        ";"        ";"        "
"blowfish_init.vi";"Block Diagram";"Security Key Invalid: %d characters\nKey must be between 4 and 56 characters in length";"Security Key Invalid: %d characters\nKey must be between 4 and 56 characters in length";"Security Key Invalid: %d characters\nKey must be between 4 and 56 characters in length"
"check_if_file_exists.vi";"Block Diagram";"Requested file (%s) does not exist.";"Requested file (%s) does not exist.";"Requested file (%s) does not exist."
"check_SQL_statement_type.vi";"Block Diagram";"Error with manual SQL statement. Expected SELECT statement, received statement:\n%s";"Error with manual SQL statement. Expected SELECT statement, received statement:\n%s";"Error with manual SQL statement. Expected SELECT statement, received statement:\n%s"
"check_SQL_statement_type.vi";"Block Diagram";"Error with manual SQL statement. Expected INSERT statement, received statement:\n%s";"Error with manual SQL statement. Expected INSERT statement, received statement:\n%s";"Error with manual SQL statement. Expected INSERT statement, received statement:\n%s"
"check_SQL_statement_type.vi";"Block Diagram";"Error with manual SQL statement. Expected UPDATE statement, received statement:\n%s";"Error with manual SQL statement. Expected UPDATE statement, received statement:\n%s";"Error with manual SQL statement. Expected UPDATE statement, received statement:\n%s"
"check_SQL_statement_type.vi";"Block Diagram";"Error with UPDATE SQL statement. No WHERE condition detected. Received statement:\n%s";"Error with UPDATE SQL statement. No WHERE condition detected. Received statement:\n%s";"Error with UPDATE SQL statement. No WHERE condition detected. Received statement:\n%s"
"check_SQL_statement_type.vi";"Block Diagram";"WHERE";"WHERE";"WHERE"
"check_SQL_statement_type.vi";"Block Diagram";"Error with manual SQL statement. Expected DELETE statement, received statement:\n%s";"Error with manual SQL statement. Expected DELETE statement, received statement:\n%s";"Error with manual SQL statement. Expected DELETE statement, received statement:\n%s"
"check_SQL_statement_type.vi";"Block Diagram";"Error with DELETE SQL statement. No WHERE condition detected. Received statement:\n%s";"Error with DELETE SQL statement. No WHERE condition detected. Received statement:\n%s";"Error with DELETE SQL statement. No WHERE condition detected. Received statement:\n%s"
"CLIENT_config_keys_to_cluster.vi";"Block Diagram";"Config parameter: "%s" in section: "%s" not found.";"Config parameter: "%s" in section: "%s" not found.";"Config parameter: "%s" in section: "%s" not found."
"CLIENT_config_keys_to_cluster.vi";"Block Diagram";"Unexpected value for boolean while reading config file. Following value is incorrect:\nParameter: %s\nValue: %s";"Unexpected value for boolean while reading config file. Following value is incorrect:\nParameter: %s\nValue: %s";"Unexpected value for boolean while reading config file. Following value is incorrect:\nParameter: %s\nValue: %s"
"CLIENT_create_menu_bar.vi";"Block Diagram";"Application";"Application";"Application"
"CLIENT_create_menu_bar.vi";"Block Diagram";"Help";"Help";"Help"
"CLIENT_create_menu_bar.vi";"Block Diagram";"placeholder";"placeholder";"placeholder"
"CLIENT_create_menu_bar.vi";"Block Diagram";"Exit";"Exit";"Exit"
"CLIENT_create_queues.vi";"Block Diagram";"CLIENT_SQL_EDITOR_queue";"CLIENT_SQL_EDITOR_queue";"CLIENT_SQL_EDITOR_queue"
"CLIENT_create_queues.vi";"Block Diagram";"CLIENT_SCANNER_queue";"CLIENT_SCANNER_queue";"CLIENT_SCANNER_queue"
"CLIENT_create_queues.vi";"Block Diagram";"CLIENT_SCANNER_data";"CLIENT_SCANNER_data";"CLIENT_SCANNER_data"
"CLIENT_read_main_ini_file.vi";"Block Diagram";"sql_client_config.ini";"sql_client_config.ini";"sql_client_config.ini"
"CLIENT_save_database_password.vi";"Block Diagram";"database_password.pass";"database_password.pass";"database_password.pass"
"custom_picktime.vi";"Block Diagram";"Display Calendar";"Display Calendar";"Display Calendar"
"custom_picktime.vi";"Block Diagram";"%^<%Z>T";"%^<%Z>T";"%^<%Z>T"
"custom_picktime.vi";"Block Diagram";"%<%Z>T";"%<%Z>T";"%<%Z>T"
"custom_picktime.vi";"Block Diagram";"%<%.3X>T";"%<%.3X>T";"%<%.3X>T"
"custom_picktime.vi";"Block Diagram";"%^<%.3X>T";"%^<%.3X>T";"%^<%.3X>T"
"custom_picktime.vi";"Block Diagram";"Initialization";"Initialization";"Initialization"
"DB Tools Delete Data EDITED.vi";"Block Diagram";"NOT EXECUTED!";"NOT EXECUTED!";"NOT EXECUTED!"
"error_popup.vi";"Block Diagram";"F1 - Continue";"F1 - Continue";"F1 - Continue"
"error_popup.vi";"Block Diagram";"ERROR";"ERROR";"ERROR"
"FGV_ARCH_EDITOR_status_display.vi";"Block Diagram";"\nExecuted SQL statement: ";"\nExecuted SQL statement: ";"\nExecuted SQL statement: "
"FGV_ARCH_EDITOR_status_display.vi";"Block Diagram";" - ";" - ";" - "
"FGV_ARCH_EDITOR_status_display.vi";"Block Diagram";"%sOK%s";"%sOK%s";"%sOK%s"
"FGV_ARCH_EDITOR_status_display.vi";"Block Diagram";"%sWARNING: %d - %s%s";"%sWARNING: %d - %s%s";"%sWARNING: %d - %s%s"
"FGV_ARCH_EDITOR_status_display.vi";"Block Diagram";"%sERROR: %d - %s%s";"%sERROR: %d - %s%s";"%sERROR: %d - %s%s"
"FGV_CLIENT_error_buffer.vi";"Block Diagram";"Time";"Time";"Time"
"FGV_CLIENT_error_buffer.vi";"Block Diagram";"Station";"Station";"Station"
"FGV_CLIENT_error_buffer.vi";"Block Diagram";"Number";"Number";"Number"
"FGV_CLIENT_error_buffer.vi";"Block Diagram";"Description";"Description";"Description"
"FGV_CLIENT_error_buffer.vi";"Block Diagram";"%y/%m/%d %H:%M:%S";"%y/%m/%d %H:%M:%S";"%y/%m/%d %H:%M:%S"
"FGV_CLIENT_SQL_connection.vi";"Block Diagram";"Driver={%s};Server=%s;Database=%s;UID=%s;PWD=%s;";"Driver={%s};Server=%s;Database=%s;UID=%s;PWD=%s;";"Driver={%s};Server=%s;Database=%s;UID=%s;PWD=%s;"
"FGV_CLIENT_SQL_connection.vi";"Block Diagram";"SELECT GETDATE()";"SELECT GETDATE()";"SELECT GETDATE()"
"FGV_CLIENT_SQL_connection.vi";"Block Diagram";"trace_xe_action_map";"trace_xe_action_map";"trace_xe_action_map"
"FGV_CLIENT_SQL_connection.vi";"Block Diagram";"trace_xe_event_map";"trace_xe_event_map";"trace_xe_event_map"
"FGV_login.vi";"Block Diagram";"-";"-";"-"
"FGV_REPORTS_records_display.vi";"Block Diagram";"NOK";"NOK";"NOK"
"FGV_REPORTS_records_display.vi";"Block Diagram";"UNEXPECTED TYPE";"UNEXPECTED TYPE";"UNEXPECTED TYPE"
"FGV_REPORTS_records_display.vi";"Block Diagram";"OP";"OP";"OP"
"FGV_REPORTS_records_display.vi";"Block Diagram";"Status";"Status";"Status"
"FGV_REPORTS_records_display.vi";"Block Diagram";"Operator";"Operator";"Operator"
"FGV_REPORTS_records_display.vi";"Block Diagram";"Gear Serial";"Gear Serial";"Gear Serial"
"FGV_REPORTS_records_display.vi";"Block Diagram";"Last OP";"Last OP";"Last OP"
"FGV_REPORTS_records_display.vi";"Block Diagram";"Last Status";"Last Status";"Last Status"
"FGV_REPORTS_records_display.vi";"Block Diagram";"Pinion Serial";"Pinion Serial";"Pinion Serial"
"FGV_REPORTS_records_display.vi";"Block Diagram";"Batch Code";"Batch Code";"Batch Code"
"FGV_REPORTS_records_display.vi";"Block Diagram";"CBatch Code";"CBatch Code";"CBatch Code"
"FGV_REPORTS_records_display.vi";"Block Diagram";"PBatch OP";"PBatch OP";"PBatch OP"
"FGV_REPORTS_records_display.vi";"Block Diagram";"Archivisation Time";"Archivisation Time";"Archivisation Time"
"FGV_REPORTS_records_display.vi";"Block Diagram";"Creation Time";"Creation Time";"Creation Time"
"FGV_REPORTS_records_display.vi";"Block Diagram";"Reference Name";"Reference Name";"Reference Name"
"FGV_REPORTS_records_display.vi";"Block Diagram";"Value";"Value";"Value"
"FGV_REPORTS_records_display.vi";"Block Diagram";"Unit";"Unit";"Unit"
"FGV_REPORTS_records_display.vi";"Block Diagram";"Tag Type";"Tag Type";"Tag Type"
"FGV_REPORTS_records_display.vi";"Block Diagram";"Tag Address";"Tag Address";"Tag Address"
"FGV_REPORTS_records_display.vi";"Block Diagram";"Created By";"Created By";"Created By"
"FGV_REPORTS_records_display.vi";"Block Diagram";"Deleted By";"Deleted By";"Deleted By"
"FGV_REPORTS_records_display.vi";"Block Diagram";"User Name";"User Name";"User Name"
"FGV_REPORTS_records_display.vi";"Block Diagram";"User No";"User No";"User No"
"FGV_REPORTS_records_display.vi";"Block Diagram";"10";"10";"10"
"FGV_REPORTS_records_display.vi";"Block Diagram";"20";"20";"20"
"FGV_REPORTS_records_display.vi";"Block Diagram";"30";"30";"30"
"FGV_REPORTS_records_display.vi";"Block Diagram";"40";"40";"40"
"FGV_REPORTS_records_display.vi";"Block Diagram";"50";"50";"50"
"FGV_REPORTS_records_display.vi";"Block Diagram";"60";"60";"60"
"FGV_REPORTS_records_display.vi";"Block Diagram";"70";"70";"70"
"FGV_REPORTS_records_display.vi";"Block Diagram";"80";"80";"80"
"FGV_REPORTS_records_display.vi";"Block Diagram";"90";"90";"90"
"FGV_REPORTS_records_display.vi";"Block Diagram";"100";"100";"100"
"FGV_REPORTS_records_display.vi";"Block Diagram";"110";"110";"110"
"FGV_REPORTS_records_display.vi";"Block Diagram";"120";"120";"120"
"FGV_REPORTS_records_display.vi";"Block Diagram";"130";"130";"130"
"FGV_REPORTS_records_display.vi";"Block Diagram";"140";"140";"140"
"FGV_REPORTS_records_display.vi";"Block Diagram";"150";"150";"150"
"FGV_REPORTS_records_display.vi";"Block Diagram";"160";"160";"160"
"FGV_REPORTS_records_display.vi";"Block Diagram";"165";"165";"165"
"FGV_REPORTS_records_display.vi";"Block Diagram";"Trace App";"Trace App";"Trace App"
"FGV_REPORTS_records_display.vi";"Block Diagram";"Barcode Hash";"Barcode Hash";"Barcode Hash"
"FGV_REPORTS_records_display.vi";"Block Diagram";"Audit Time";"Audit Time";"Audit Time"
"FGV_REPORTS_records_display.vi";"Block Diagram";"Audit Result";"Audit Result";"Audit Result"
"FGV_REPORTS_records_display.vi";"Block Diagram";"User";"User";"User"
"FGV_REPORTS_records_display.vi";"Block Diagram";"OK Count";"OK Count";"OK Count"
"FGV_REPORTS_records_display.vi";"Block Diagram";"NOK Count";"NOK Count";"NOK Count"
"FGV_REPORTS_records_display.vi";"Block Diagram";"Count";"Count";"Count"
"FGV_REPORTS_records_display.vi";"Block Diagram";"Operator MIN";"Operator MIN";"Operator MIN"
"FGV_REPORTS_records_display.vi";"Block Diagram";"MIN";"MIN";"MIN"
"FGV_REPORTS_records_display.vi";"Block Diagram";"AVG";"AVG";"AVG"
"FGV_REPORTS_records_display.vi";"Block Diagram";"MAX";"MAX";"MAX"
"FGV_REPORTS_records_display.vi";"Block Diagram";"Operator MAX";"Operator MAX";"Operator MAX"
"FGV_REPORTS_records_display.vi";"Block Diagram";"Part Number";"Part Number";"Part Number"
"FGV_REPORTS_records_display.vi";"Block Diagram";"Batch Number";"Batch Number";"Batch Number"
"Hexlify.vi";"Block Diagram";"%08x";"%08x";"%08x"
"log_error_to_file.vi";"Block Diagram";"error.log";"error.log";"error.log"
"log_error_to_file.vi";"Block Diagram";"
|\n";"
|\n";"
|\n"
"message_popup.vi";"Block Diagram";"F1 - ";"F1 - ";"F1 - "
"parse_error_code.vi";"Block Diagram";"\n\n";"\n\n";"\n\n"
"REPORT_AUDIT_get_data_from_SQL.vi";"Block Diagram";"EXEC ReportGetAudit @DatetimeStart = '%s', @DatetimeEnd = '%s', @TimeofdayStart = '%s', @TimeofdayEnd = '%s'";"EXEC ReportGetAudit @DatetimeStart = '%s', @DatetimeEnd = '%s', @TimeofdayStart = '%s', @TimeofdayEnd = '%s'";"EXEC ReportGetAudit @DatetimeStart = '%s', @DatetimeEnd = '%s', @TimeofdayStart = '%s', @TimeofdayEnd = '%s'"
"REPORT_AUDIT_get_page.vi";"Block Diagram";"%d/%d";"%d/%d";"%d/%d"
"REPORT_AUDIT_prepare_header_for_csv.vi";"Block Diagram";"REPORT GENERATED:";"REPORT GENERATED:";"REPORT GENERATED:"
"REPORT_AUDIT_prepare_header_for_csv.vi";"Block Diagram";"START DATE:";"START DATE:";"START DATE:"
"REPORT_AUDIT_prepare_header_for_csv.vi";"Block Diagram";"END DATE:";"END DATE:";"END DATE:"
"REPORT_AUDIT_prepare_header_for_csv.vi";"Block Diagram";"START TIME OF DAY:";"START TIME OF DAY:";"START TIME OF DAY:"
"REPORT_AUDIT_prepare_header_for_csv.vi";"Block Diagram";"END TIME OF DAY:";"END TIME OF DAY:";"END TIME OF DAY:"
"REPORT_AUDIT_prepare_header_for_csv.vi";"Block Diagram";"SELECTED OP:";"SELECTED OP:";"SELECTED OP:"
"REPORT_AUDIT_prepare_header_for_pdf.vi";"Block Diagram";"SELECTED STATUS:";"SELECTED STATUS:";"SELECTED STATUS:"
"REPORT_AUDIT_rows_style_pdf.vi";"Block Diagram";"Consolas";"Consolas";"Consolas"
"REPORT_AUDIT_rows_style_pdf.vi";"Block Diagram";"CP855";"CP855";"CP855"
"REPORT_AUDIT_save_csv.vi";"Block Diagram";";";";";";"
"REPORT_AUDIT_save_csv.vi";"Block Diagram";"REPORT_AUDITS_from_%s_to_%s";"REPORT_AUDITS_from_%s_to_%s";"REPORT_AUDITS_from_%s_to_%s"
"REPORT_AUDIT_save_pdf.vi";"Block Diagram";"report_logo.jpg";"report_logo.jpg";"report_logo.jpg"
"REPORT_CBATCH_get_data_from_SQL.vi";"Block Diagram";"EXEC ReportGetCustomerBatch @BatchCode = '%s'";"EXEC ReportGetCustomerBatch @BatchCode = '%s'";"EXEC ReportGetCustomerBatch @BatchCode = '%s'"
"REPORT_CBATCH_prepare_header_for_csv.vi";"Block Diagram";"BATCH CODE:";"BATCH CODE:";"BATCH CODE:"
"REPORT_CBATCH_save_csv.vi";"Block Diagram";"REPORT_CUSTOMER_BATCH_%s";"REPORT_CUSTOMER_BATCH_%s";"REPORT_CUSTOMER_BATCH_%s"
"REPORT_CFG_get_data_from_SQL.vi";"Block Diagram";"SELECT ARCHIVISATION_TIME, CREATION_TIME, REFERENCE_NAME, STATION_NMB, [DESCRIPTION], [VALUE], UNIT, PLC_TAG_TYPE, PLC_TAG_ADDRESS, CREATED_BY, DELETED_BY\nFROM REFERENCE_HISTORY\nWHERE (ARCHIVISATION_TIME BETWEEN '%s' AND '%s') \nAND (CAST(ARCHIVISATION_TIME as time) BETWEEN '%s' AND '%s')";"SELECT ARCHIVISATION_TIME, CREATION_TIME, REFERENCE_NAME, STATION_NMB, [DESCRIPTION], [VALUE], UNIT, PLC_TAG_TYPE, PLC_TAG_ADDRESS, CREATED_BY, DELETED_BY\nFROM REFERENCE_HISTORY\nWHERE (ARCHIVISATION_TIME BETWEEN '%s' AND '%s') \nAND (CAST(ARCHIVISATION_TIME as time) BETWEEN '%s' AND '%s')";"SELECT ARCHIVISATION_TIME, CREATION_TIME, REFERENCE_NAME, STATION_NMB, [DESCRIPTION], [VALUE], UNIT, PLC_TAG_TYPE, PLC_TAG_ADDRESS, CREATED_BY, DELETED_BY\nFROM REFERENCE_HISTORY\nWHERE (ARCHIVISATION_TIME BETWEEN '%s' AND '%s') \nAND (CAST(ARCHIVISATION_TIME as time) BETWEEN '%s' AND '%s')"
"REPORT_CFG_get_data_from_SQL.vi";"Block Diagram";"SELECT ARCHIVISATION_TIME, CREATION_TIME, REFERENCE_NAME, STATION_NMB, [DESCRIPTION], UNIT, PLC_TAG_TYPE, PLC_TAG_ADDRESS, CREATED_BY, DELETED_BY\nFROM ARCHIVISATION_CFG_HISTORY\nWHERE (ARCHIVISATION_TIME BETWEEN '%s' AND '%s') \nAND (CAST(ARCHIVISATION_TIME as time) BETWEEN '%s' AND '%s')";"SELECT ARCHIVISATION_TIME, CREATION_TIME, REFERENCE_NAME, STATION_NMB, [DESCRIPTION], UNIT, PLC_TAG_TYPE, PLC_TAG_ADDRESS, CREATED_BY, DELETED_BY\nFROM ARCHIVISATION_CFG_HISTORY\nWHERE (ARCHIVISATION_TIME BETWEEN '%s' AND '%s') \nAND (CAST(ARCHIVISATION_TIME as time) BETWEEN '%s' AND '%s')";"SELECT ARCHIVISATION_TIME, CREATION_TIME, REFERENCE_NAME, STATION_NMB, [DESCRIPTION], UNIT, PLC_TAG_TYPE, PLC_TAG_ADDRESS, CREATED_BY, DELETED_BY\nFROM ARCHIVISATION_CFG_HISTORY\nWHERE (ARCHIVISATION_TIME BETWEEN '%s' AND '%s') \nAND (CAST(ARCHIVISATION_TIME as time) BETWEEN '%s' AND '%s')"
"REPORT_CFG_get_data_from_SQL.vi";"Block Diagram";"SELECT ARCHIVISATION_TIME, CREATION_TIME, [USER_NAME], USER_NO, [DESCRIPTION], ST_10, ST_20, ST_30, ST_40, ST_50, ST_60, ST_70, ST_80, ST_90, ST_100, ST_110, ST_120, ST_130, ST_140, ST_150, ST_160, ST_165, PROXY_APP, BARCODE_HASH, CREATED_BY, DELETED_BY\nFROM USER_DATA_HISTORY\nWHERE (ARCHIVISATION_TIME BETWEEN '%s' AND '%s') \nAND (CAST(ARCHIVISATION_TIME as time) BETWEEN '%s' AND '%s')";"SELECT ARCHIVISATION_TIME, CREATION_TIME, [USER_NAME], USER_NO, [DESCRIPTION], ST_10, ST_20, ST_30, ST_40, ST_50, ST_60, ST_70, ST_80, ST_90, ST_100, ST_110, ST_120, ST_130, ST_140, ST_150, ST_160, ST_165, PROXY_APP, BARCODE_HASH, CREATED_BY, DELETED_BY\nFROM USER_DATA_HISTORY\nWHERE (ARCHIVISATION_TIME BETWEEN '%s' AND '%s') \nAND (CAST(ARCHIVISATION_TIME as time) BETWEEN '%s' AND '%s')";"SELECT ARCHIVISATION_TIME, CREATION_TIME, [USER_NAME], USER_NO, [DESCRIPTION], ST_10, ST_20, ST_30, ST_40, ST_50, ST_60, ST_70, ST_80, ST_90, ST_100, ST_110, ST_120, ST_130, ST_140, ST_150, ST_160, ST_165, PROXY_APP, BARCODE_HASH, CREATED_BY, DELETED_BY\nFROM USER_DATA_HISTORY\nWHERE (ARCHIVISATION_TIME BETWEEN '%s' AND '%s') \nAND (CAST(ARCHIVISATION_TIME as time) BETWEEN '%s' AND '%s')"
"REPORT_CFG_prepare_header_for_csv.vi";"Block Diagram";"SELECTED TYPE:";"SELECTED TYPE:";"SELECTED TYPE:"
"REPORT_CFG_save_csv.vi";"Block Diagram";"REPORT_CONFIG_HISTORY_%s";"REPORT_CONFIG_HISTORY_%s";"REPORT_CONFIG_HISTORY_%s"
"REPORT_CMPNT_get_data_from_SQL.vi";"Block Diagram";"EXEC ReportGetGearComponents @GearSerial = '%s'";"EXEC ReportGetGearComponents @GearSerial = '%s'";"EXEC ReportGetGearComponents @GearSerial = '%s'"
"REPORT_CMPNT_prepare_header_for_csv.vi";"Block Diagram";"GEAR SERIAL:";"GEAR SERIAL:";"GEAR SERIAL:"
"REPORT_CMPNT_save_csv.vi";"Block Diagram";"REPORT_COMPONENTS_GEAR_%s";"REPORT_COMPONENTS_GEAR_%s";"REPORT_COMPONENTS_GEAR_%s"
"REPORT_DATES_save_csv.vi";"Block Diagram";"REPORT_DATES_from_%s_to_%s";"REPORT_DATES_from_%s_to_%s";"REPORT_DATES_from_%s_to_%s"
"REPORT_DATES_status_number_to_description_and_enum.vi";"Block Diagram";"INTERRUPTED";"INTERRUPTED";"INTERRUPTED"
"REPORT_DATES_status_number_to_description_and_enum.vi";"Block Diagram";"IN OPERATION";"IN OPERATION";"IN OPERATION"
"REPORT_GEAR_add_values_to_operations.vi";"Block Diagram";"<no data>";"<no data>";"<no data>"
"REPORT_GEAR_add_values_to_operations.vi";"Block Diagram";"Type";"Type";"Type"
"REPORT_GEAR_add_values_to_operations.vi";"Block Diagram";"Min";"Min";"Min"
"REPORT_GEAR_add_values_to_operations.vi";"Block Diagram";"Max";"Max";"Max"
"REPORT_GEAR_get_operations_and_results.vi";"Block Diagram";"with cte_users (usr_id, usr_name)\nAS\n(\nselect ID, [USER_NAME] from USER_DATA\n	UNION\n	select ID, [USER_NAME] from USER_DATA_HISTORY\n)\nselect \nID, CREATION_TIME, STATION_NMB, OPERATION_STATUS, cte_users.usr_name\nfrom PRODUCTION_PARTS_OPERATIONS\nleft join cte_users on [USER_ID] = cte_users.usr_id\nwhere (PART_ID = '%s' AND STATION_NMB <> 30) OR (PART_ID = '%s' AND STATION_NMB = 30)\norder by ID";"with cte_users (usr_id, usr_name)\nAS\n(\nselect ID, [USER_NAME] from USER_DATA\n	UNION\n	select ID, [USER_NAME] from USER_DATA_HISTORY\n)\nselect \nID, CREATION_TIME, STATION_NMB, OPERATION_STATUS, cte_users.usr_name\nfrom PRODUCTION_PARTS_OPERATIONS\nleft join cte_users on [USER_ID] = cte_users.usr_id\nwhere (PART_ID = '%s' AND STATION_NMB <> 30) OR (PART_ID = '%s' AND STATION_NMB = 30)\norder by ID";"with cte_users (usr_id, usr_name)\nAS\n(\nselect ID, [USER_NAME] from USER_DATA\n	UNION\n	select ID, [USER_NAME] from USER_DATA_HISTORY\n)\nselect \nID, CREATION_TIME, STATION_NMB, OPERATION_STATUS, cte_users.usr_name\nfrom PRODUCTION_PARTS_OPERATIONS\nleft join cte_users on [USER_ID] = cte_users.usr_id\nwhere (PART_ID = '%s' AND STATION_NMB <> 30) OR (PART_ID = '%s' AND STATION_NMB = 30)\norder by ID"
"REPORT_GEAR_get_operations_and_results.vi";"Block Diagram";"\n\n-----\n\n";"\n\n-----\n\n";"\n\n-----\n\n"
"REPORT_GEAR_get_operations_and_results.vi";"Block Diagram";"with cte_archivisation (arch_id, arch_desc, arch_unit)\nAS\n(\n	select ID, [DESCRIPTION], UNIT from ARCHIVISATION_CFG\n	UNION\n	select ID, [DESCRIPTION], UNIT from ARCHIVISATION_CFG_HISTORY\n)\nselect \nID, OPERATION_ID, CREATION_TIME, cte_archivisation.arch_desc, 'REAL' as data_type, CAST(LOW_LIMIT as varchar), CAST([VALUE] as varchar), CAST(HIGH_LIMIT as varchar), cte_archivisation.arch_unit\nfrom PRODUCTION_PARTS_OPERATIONS_RESULTS_REAL\nleft join cte_archivisation on ARCHIVISATION_ID = cte_archivisation.arch_id\nwhere OPERATION_ID IN (%s)\nUNION\nselect\nID, OPERATION_ID, CREATION_TIME, cte_archivisation.arch_desc, 'STRING' as data_type, '-', [VALUE], '-', cte_archivisation.arch_unit\nfrom PRODUCTION_PARTS_OPERATIONS_RESULTS_STRING\nleft join cte_archivisation on ARCHIVISATION_ID = cte_archivisation.arch_id\nwhere OPERATION_ID IN (%s)\norder by data_type, ID";"with cte_archivisation (arch_id, arch_desc, arch_unit)\nAS\n(\n	select ID, [DESCRIPTION], UNIT from ARCHIVISATION_CFG\n	UNION\n	select ID, [DESCRIPTION], UNIT from ARCHIVISATION_CFG_HISTORY\n)\nselect \nID, OPERATION_ID, CREATION_TIME, cte_archivisation.arch_desc, 'REAL' as data_type, CAST(LOW_LIMIT as varchar), CAST([VALUE] as varchar), CAST(HIGH_LIMIT as varchar), cte_archivisation.arch_unit\nfrom PRODUCTION_PARTS_OPERATIONS_RESULTS_REAL\nleft join cte_archivisation on ARCHIVISATION_ID = cte_archivisation.arch_id\nwhere OPERATION_ID IN (%s)\nUNION\nselect\nID, OPERATION_ID, CREATION_TIME, cte_archivisation.arch_desc, 'STRING' as data_type, '-', [VALUE], '-', cte_archivisation.arch_unit\nfrom PRODUCTION_PARTS_OPERATIONS_RESULTS_STRING\nleft join cte_archivisation on ARCHIVISATION_ID = cte_archivisation.arch_id\nwhere OPERATION_ID IN (%s)\norder by data_type, ID";"with cte_archivisation (arch_id, arch_desc, arch_unit)\nAS\n(\n	select ID, [DESCRIPTION], UNIT from ARCHIVISATION_CFG\n	UNION\n	select ID, [DESCRIPTION], UNIT from ARCHIVISATION_CFG_HISTORY\n)\nselect \nID, OPERATION_ID, CREATION_TIME, cte_archivisation.arch_desc, 'REAL' as data_type, CAST(LOW_LIMIT as varchar), CAST([VALUE] as varchar), CAST(HIGH_LIMIT as varchar), cte_archivisation.arch_unit\nfrom PRODUCTION_PARTS_OPERATIONS_RESULTS_REAL\nleft join cte_archivisation on ARCHIVISATION_ID = cte_archivisation.arch_id\nwhere OPERATION_ID IN (%s)\nUNION\nselect\nID, OPERATION_ID, CREATION_TIME, cte_archivisation.arch_desc, 'STRING' as data_type, '-', [VALUE], '-', cte_archivisation.arch_unit\nfrom PRODUCTION_PARTS_OPERATIONS_RESULTS_STRING\nleft join cte_archivisation on ARCHIVISATION_ID = cte_archivisation.arch_id\nwhere OPERATION_ID IN (%s)\norder by data_type, ID"
"REPORT_GEAR_get_operations_and_results.vi";"Block Diagram";"select PRODUCTION_BATCHES_OPERATIONS.OPERATION_ID, PRODUCTION_BATCHES_OPERATIONS.CREATION_TIME, REFERENCE.[VALUE], PRODUCTION_BATCHES.BATCH_NUMBER\nfrom PRODUCTION_BATCHES_OPERATIONS\nleft join PRODUCTION_BATCHES on PRODUCTION_BATCHES_OPERATIONS.BATCH_ID = PRODUCTION_BATCHES.ID\nleft join REFERENCE on PRODUCTION_BATCHES.REFERENCE_ID = REFERENCE.ID\nwhere OPERATION_ID IN (%s)\norder by PRODUCTION_BATCHES_OPERATIONS.ID";"select PRODUCTION_BATCHES_OPERATIONS.OPERATION_ID, PRODUCTION_BATCHES_OPERATIONS.CREATION_TIME, REFERENCE.[VALUE], PRODUCTION_BATCHES.BATCH_NUMBER\nfrom PRODUCTION_BATCHES_OPERATIONS\nleft join PRODUCTION_BATCHES on PRODUCTION_BATCHES_OPERATIONS.BATCH_ID = PRODUCTION_BATCHES.ID\nleft join REFERENCE on PRODUCTION_BATCHES.REFERENCE_ID = REFERENCE.ID\nwhere OPERATION_ID IN (%s)\norder by PRODUCTION_BATCHES_OPERATIONS.ID";"select PRODUCTION_BATCHES_OPERATIONS.OPERATION_ID, PRODUCTION_BATCHES_OPERATIONS.CREATION_TIME, REFERENCE.[VALUE], PRODUCTION_BATCHES.BATCH_NUMBER\nfrom PRODUCTION_BATCHES_OPERATIONS\nleft join PRODUCTION_BATCHES on PRODUCTION_BATCHES_OPERATIONS.BATCH_ID = PRODUCTION_BATCHES.ID\nleft join REFERENCE on PRODUCTION_BATCHES.REFERENCE_ID = REFERENCE.ID\nwhere OPERATION_ID IN (%s)\norder by PRODUCTION_BATCHES_OPERATIONS.ID"
"REPORT_GEAR_get_operations_and_results.vi";"Block Diagram";"GEAR NOT FOUND";"GEAR NOT FOUND";"GEAR NOT FOUND"
"REPORT_GEAR_prepare_header_for_csv.vi";"Block Diagram";"GEAR ADDED:";"GEAR ADDED:";"GEAR ADDED:"
"REPORT_GEAR_prepare_header_for_csv.vi";"Block Diagram";"LAST STATION:";"LAST STATION:";"LAST STATION:"
"REPORT_GEAR_prepare_header_for_csv.vi";"Block Diagram";"LAST STATUS:";"LAST STATUS:";"LAST STATUS:"
"REPORT_GEAR_prepare_header_for_csv.vi";"Block Diagram";"PINION SERIAL:";"PINION SERIAL:";"PINION SERIAL:"
"REPORT_GEAR_prepare_operations_and_batches_for_csv.vi";"Block Diagram";"<hidden>";"<hidden>";"<hidden>"
"REPORT_GEAR_prepare_operations_and_batches_for_csv.vi";"Block Diagram";"OP Time";"OP Time";"OP Time"
"REPORT_GEAR_prepare_operations_and_batches_for_csv.vi";"Block Diagram";"OP Status";"OP Status";"OP Status"
"REPORT_GEAR_prepare_operations_and_batches_for_csv.vi";"Block Diagram";"Result Time";"Result Time";"Result Time"
"REPORT_GEAR_prepare_operations_and_batches_for_csv.vi";"Block Diagram";"Batch Time";"Batch Time";"Batch Time"
"REPORT_GEAR_save_csv.vi";"Block Diagram";"REPORT_GEAR_%s";"REPORT_GEAR_%s";"REPORT_GEAR_%s"
"REPORT_OKNOK_get_data_from_SQL.vi";"Block Diagram";"EXEC ReportGetOkNokCount @DatetimeStart = '%s', @DatetimeEnd = '%s', @TimeofdayStart = '%s', @TimeofdayEnd = '%s'";"EXEC ReportGetOkNokCount @DatetimeStart = '%s', @DatetimeEnd = '%s', @TimeofdayStart = '%s', @TimeofdayEnd = '%s'";"EXEC ReportGetOkNokCount @DatetimeStart = '%s', @DatetimeEnd = '%s', @TimeofdayStart = '%s', @TimeofdayEnd = '%s'"
"REPORT_OKNOK_save_csv.vi";"Block Diagram";"REPORT_OK_NOK_COUNT_from_%s_to_%s";"REPORT_OK_NOK_COUNT_from_%s_to_%s";"REPORT_OK_NOK_COUNT_from_%s_to_%s"
"REPORT_OPRTN_filter_columns.vi";"Block Diagram";"Address";"Address";"Address"
"REPORT_OPRTN_get_data_from_SQL.vi";"Block Diagram";"OP30";"OP30";"OP30"
"REPORT_OPRTN_get_data_from_SQL.vi";"Block Diagram";"Default";"Default";"Default"
"REPORT_OPRTN_get_data_from_SQL.vi";"Block Diagram";"EXEC ReportGetOperation%s @DatetimeStart = '%s', @DatetimeEnd = '%s', @TimeofdayStart = '%s', @TimeofdayEnd = '%s', @Station = '%s'";"EXEC ReportGetOperation%s @DatetimeStart = '%s', @DatetimeEnd = '%s', @TimeofdayStart = '%s', @TimeofdayEnd = '%s', @Station = '%s'";"EXEC ReportGetOperation%s @DatetimeStart = '%s', @DatetimeEnd = '%s', @TimeofdayStart = '%s', @TimeofdayEnd = '%s', @Station = '%s'"
"REPORT_OPRTN_prepare_archivisation_info.vi";"Block Diagram";"REAL %s";"REAL %s";"REAL %s"
"REPORT_OPRTN_prepare_archivisation_info.vi";"Block Diagram";"REAL %s\n%s";"REAL %s\n%s";"REAL %s\n%s"
"REPORT_OPRTN_prepare_archivisation_info.vi";"Block Diagram";"	with cte_archivisation (arch_id, arch_descr)\n	AS\n	(\n		select ID, [DESCRIPTION] from ARCHIVISATION_CFG\n		UNION\n		select ID, [DESCRIPTION] from ARCHIVISATION_CFG_HISTORY\n	)\n\n	SELECT arch_id, arch_descr\n	FROM cte_archivisation\n	WHERE arch_id IN (%s)\nORDER BY arch_id";"	with cte_archivisation (arch_id, arch_descr)\n	AS\n	(\n		select ID, [DESCRIPTION] from ARCHIVISATION_CFG\n		UNION\n		select ID, [DESCRIPTION] from ARCHIVISATION_CFG_HISTORY\n	)\n\n	SELECT arch_id, arch_descr\n	FROM cte_archivisation\n	WHERE arch_id IN (%s)\nORDER BY arch_id";"	with cte_archivisation (arch_id, arch_descr)\n	AS\n	(\n		select ID, [DESCRIPTION] from ARCHIVISATION_CFG\n		UNION\n		select ID, [DESCRIPTION] from ARCHIVISATION_CFG_HISTORY\n	)\n\n	SELECT arch_id, arch_descr\n	FROM cte_archivisation\n	WHERE arch_id IN (%s)\nORDER BY arch_id"
"REPORT_OPRTN_prepare_header_for_csv.vi";"Block Diagram";"OP:";"OP:";"OP:"
"REPORT_OPRTN_reformat_reals.vi";"Block Diagram";"%.;%#_7g";"%.;%#_7g";"%.;%#_7g"
"REPORT_OPRTN_reshape_records_for_display.vi";"Block Diagram";"OP Date";"OP Date";"OP Date"
"REPORT_OPRTN_save_csv.vi";"Block Diagram";"REPORT_OPERATION_%s";"REPORT_OPERATION_%s";"REPORT_OPERATION_%s"
"REPORT_PACE_get_data_from_SQL.vi";"Block Diagram";"EXEC ReportGetPace @DatetimeStart = '%s', @DatetimeEnd = '%s', @TimeofdayStart = '%s', @TimeofdayEnd = '%s', @LowLimit = %d, @HighLimit = %d";"EXEC ReportGetPace @DatetimeStart = '%s', @DatetimeEnd = '%s', @TimeofdayStart = '%s', @TimeofdayEnd = '%s', @LowLimit = %d, @HighLimit = %d";"EXEC ReportGetPace @DatetimeStart = '%s', @DatetimeEnd = '%s', @TimeofdayStart = '%s', @TimeofdayEnd = '%s', @LowLimit = %d, @HighLimit = %d"
"REPORT_PACE_prepare_header_for_csv.vi";"Block Diagram";"LOW LIMIT [s]:";"LOW LIMIT [s]:";"LOW LIMIT [s]:"
"REPORT_PACE_prepare_header_for_csv.vi";"Block Diagram";"HIGH LIMIT [s]:";"HIGH LIMIT [s]:";"HIGH LIMIT [s]:"
"REPORT_PACE_save_csv.vi";"Block Diagram";"REPORT_PACE_from_%s_to_%s";"REPORT_PACE_from_%s_to_%s";"REPORT_PACE_from_%s_to_%s"
"REPORT_PACE_save_pdf.vi";"Block Diagram";"REPORT_PACE_COUNT_from_%s_to_%s";"REPORT_PACE_COUNT_from_%s_to_%s";"REPORT_PACE_COUNT_from_%s_to_%s"
"REPORT_PBATCH_prepare_header_for_csv.vi";"Block Diagram";"BATCH:";"BATCH:";"BATCH:"
"REPORT_PBATCH_save_csv.vi";"Block Diagram";"REPORT_PRODUCTION_BATCH_%s";"REPORT_PRODUCTION_BATCH_%s";"REPORT_PRODUCTION_BATCH_%s"
"REPORT_REWORKS_get_data_from_SQL.vi";"Block Diagram";"EXEC ReportGetReworks @DatetimeStart = '%s', @DatetimeEnd = '%s', @TimeofdayStart = '%s', @TimeofdayEnd = '%s', @FromStation = %d, @ToStation = %d ";"EXEC ReportGetReworks @DatetimeStart = '%s', @DatetimeEnd = '%s', @TimeofdayStart = '%s', @TimeofdayEnd = '%s', @FromStation = %d, @ToStation = %d ";"EXEC ReportGetReworks @DatetimeStart = '%s', @DatetimeEnd = '%s', @TimeofdayStart = '%s', @TimeofdayEnd = '%s', @FromStation = %d, @ToStation = %d "
"REPORT_REWORKS_prepare_header_for_csv.vi";"Block Diagram";"REWORK FROM OP:";"REWORK FROM OP:";"REWORK FROM OP:"
"REPORT_REWORKS_prepare_header_for_csv.vi";"Block Diagram";"REWORK TO OP:";"REWORK TO OP:";"REWORK TO OP:"
"REPORT_REWORKS_save_csv.vi";"Block Diagram";"REPORT_REWORKS_from_%s_to_%s";"REPORT_REWORKS_from_%s_to_%s";"REPORT_REWORKS_from_%s_to_%s"
"REPORT_select_path_for_csv_report.vi";"Block Diagram";"The file cannot be overwriten.\nMake sure that it's not open in another program.";"The file cannot be overwriten.\nMake sure that it's not open in another program.";"The file cannot be overwriten.\nMake sure that it's not open in another program."
"REPORT_select_path_for_csv_report.vi";"Block Diagram";"CSV file";"CSV file";"CSV file"
"REPORT_select_path_for_csv_report.vi";"Block Diagram";"Please Choose a File Name";"Please Choose a File Name";"Please Choose a File Name"
"REPORT_select_path_for_csv_report.vi";"Block Diagram";"*.csv";"*.csv";"*.csv"
"REPORT_select_path_for_csv_report.vi";"Block Diagram";"_generated_%Y_%m_%d_%H_%M_%S.csv";"_generated_%Y_%m_%d_%H_%M_%S.csv";"_generated_%Y_%m_%d_%H_%M_%S.csv"
"REPORT_select_path_for_csv_report.vi";"Block Diagram";":";":";":"
"REPORT_select_path_for_csv_report.vi";"Block Diagram";"_";"_";"_"
"REPORT_select_path_for_pdf_report.vi";"Block Diagram";"PDF file";"PDF file";"PDF file"
"REPORT_select_path_for_pdf_report.vi";"Block Diagram";"*.pdf";"*.pdf";"*.pdf"
"REPORT_select_path_for_pdf_report.vi";"Block Diagram";"_generated_%Y_%m_%d_%H_%M_%S.pdf";"_generated_%Y_%m_%d_%H_%M_%S.pdf";"_generated_%Y_%m_%d_%H_%M_%S.pdf"
"SQL_EDITOR_prepare_DELETE_statement.vi";"Block Diagram";"(%s='' or %s is NULL)";"(%s='' or %s is NULL)";"(%s='' or %s is NULL)"
"SQL_EDITOR_prepare_SELECT_statement.vi";"Block Diagram";"WHERE %s='%s'";"WHERE %s='%s'";"WHERE %s='%s'"
"SQL_EDITOR_prepare_SELECT_statement.vi";"Block Diagram";"SELECT * FROM %s %s ORDER BY %s %s";"SELECT * FROM %s %s ORDER BY %s %s";"SELECT * FROM %s %s ORDER BY %s %s"
"SQL_EDITOR_prepare_UPDATE_statement.vi";"Block Diagram";"(%s='' OR %s is NULL)";"(%s='' OR %s is NULL)";"(%s='' OR %s is NULL)"
"SQL_EDITOR_prepare_UPDATE_statement.vi";"Block Diagram";"%s=%s";"%s=%s";"%s=%s"
"SQL_EDITOR_prepare_UPDATE_statement.vi";"Block Diagram";" WHERE ";" WHERE ";" WHERE "
"SQL_EDITOR_prepare_UPDATE_statement.vi";"Block Diagram";"UPDATE %s SET ";"UPDATE %s SET ";"UPDATE %s SET "
"USER_EDITOR_prepare_SELECT_statement.vi";"Block Diagram";"SELECT %s FROM %s\nORDER BY ID";"SELECT %s FROM %s\nORDER BY ID";"SELECT %s FROM %s\nORDER BY ID"
"USER_EDITOR_prepare_UPDATE_transaction.vi";"Block Diagram";") OUTPUT INSERTED.ID, INSERTED.CREATION_TIME \nVALUES (";") OUTPUT INSERTED.ID, INSERTED.CREATION_TIME \nVALUES (";") OUTPUT INSERTED.ID, INSERTED.CREATION_TIME \nVALUES ("
